Video,Predicted,Real,Fake,Total,Label,Accuracy (%),Real (%),Fake (%)
01_02__hugging_happy__YVGY8LOK.mp4,0,18,13,31,0,100,58.06451613,41.93548387
01_02__meeting_serious__YVGY8LOK.mp4,1,0,31,31,0,0,0,100
01_02__outside_talking_still_laughing__YVGY8LOK.mp4,0,31,0,31,0,100,100,0
01_02__secret_conversation__YVGY8LOK.mp4,1,0,31,31,0,0,0,100
01_02__talking_against_wall__YVGY8LOK.mp4,1,0,31,31,0,0,0,100
01_02__talking_angry_couch__YVGY8LOK.mp4,1,0,31,31,0,0,0,100
01_02__walking_and_outside_surprised__YVGY8LOK.mp4,1,0,31,31,0,0,0,100
01_02__walking_down_indoor_hall_disgust__YVGY8LOK.mp4,1,0,31,31,0,0,0,100
01_02__walking_outside_cafe_disgusted__YVGY8LOK.mp4,1,6,25,31,0,0,19.35483871,80.64516129
01_02__walk_down_hall_angry__YVGY8LOK.mp4,0,31,0,31,0,100,100,0
01_03__exit_phone_room__480LQD1C.mp4,0,22,9,31,0,100,70.96774194,29.03225806
01_03__hugging_happy__ISF9SP4G.mp4,0,17,14,31,0,100,54.83870968,45.16129032
01_03__kitchen_pan__JZUXXFRB.mp4,1,0,31,31,0,0,0,100
01_03__kitchen_still__JZUXXFRB.mp4,0,22,9,31,0,100,70.96774194,29.03225806
01_03__meeting_serious__JZUXXFRB.mp4,1,0,31,31,0,0,0,100
01_03__outside_talking_pan_laughing__ISF9SP4G.mp4,0,19,12,31,0,100,61.29032258,38.70967742
01_03__outside_talking_still_laughing__JZUXXFRB.mp4,0,30,1,31,0,100,96.77419355,3.225806452
01_03__podium_speech_happy__480LQD1C.mp4,0,31,0,31,0,100,100,0
01_03__podium_speech_happy__JZUXXFRB.mp4,0,31,0,31,0,100,100,0
01_03__secret_conversation__480LQD1C.mp4,1,0,31,31,0,0,0,100
01_03__talking_against_wall__JZUXXFRB.mp4,1,0,31,31,0,0,0,100
01_03__talking_angry_couch__ISF9SP4G.mp4,1,0,31,31,0,0,0,100
01_03__talking_angry_couch__JZUXXFRB.mp4,1,0,31,31,0,0,0,100
01_03__walking_and_outside_surprised__JZUXXFRB.mp4,1,0,31,31,0,0,0,100
01_04__exit_phone_room__0XUW13RW.mp4,0,21,10,31,0,100,67.74193548,32.25806452
01_04__hugging_happy__GBC7ZGDP.mp4,0,18,13,31,0,100,58.06451613,41.93548387
01_04__kitchen_pan__GBC7ZGDP.mp4,1,0,31,31,0,0,0,100
01_04__kitchen_still__GBC7ZGDP.mp4,1,0,31,31,0,0,0,100
01_04__meeting_serious__0XUW13RW.mp4,1,0,31,31,0,0,0,100
01_04__outside_talking_still_laughing__0XUW13RW.mp4,0,31,0,31,0,100,100,0
01_04__podium_speech_happy__0XUW13RW.mp4,0,31,0,31,0,100,100,0
01_04__podium_speech_happy__6I623VU9.mp4,0,31,0,31,0,100,100,0
01_04__podium_speech_happy__GBC7ZGDP.mp4,0,31,0,31,0,100,100,0
01_04__talking_angry_couch__0XUW13RW.mp4,1,0,31,31,0,0,0,100
01_04__walking_and_outside_surprised__GBC7ZGDP.mp4,1,0,31,31,0,0,0,100
01_04__walking_down_street_outside_angry__0XUW13RW.mp4,1,0,31,31,0,0,0,100
01_04__walking_down_street_outside_angry__GBC7ZGDP.mp4,1,0,31,31,0,0,0,100
01_04__walking_outside_cafe_disgusted__0XUW13RW.mp4,1,0,31,31,0,0,0,100
01_04__walk_down_hall_angry__0XUW13RW.mp4,0,31,0,31,0,100,100,0
01_04__walk_down_hall_angry__GBC7ZGDP.mp4,0,31,0,31,0,100,100,0
01_09__exit_phone_room__6TSGVLHA.mp4,0,19,12,31,0,100,61.29032258,38.70967742
01_09__hugging_happy__SJZRV69J.mp4,1,13,18,31,0,0,41.93548387,58.06451613
01_09__kitchen_pan__6TSGVLHA.mp4,1,1,30,31,0,0,3.225806452,96.77419355
01_09__secret_conversation__SJZRV69J.mp4,1,5,8,13,0,0,38.46153846,61.53846154
01_09__talking_angry_couch__O8HNNX43.mp4,1,0,31,31,0,0,0,100
01_09__talking_angry_couch__P70H1JB0.mp4,1,0,31,31,0,0,0,100
01_09__walk_down_hall_angry__P70H1JB0.mp4,0,31,0,31,0,100,100,0
01_11__exit_phone_room__4OJNJLOO.mp4,0,20,11,31,0,100,64.51612903,35.48387097
01_11__exit_phone_room__9229VVZ3.mp4,0,21,10,31,0,100,67.74193548,32.25806452
01_11__hugging_happy__4OJNJLOO.mp4,0,16,15,31,0,100,51.61290323,48.38709677
01_11__hugging_happy__5OVT6C66.mp4,1,15,16,31,0,0,48.38709677,51.61290323
01_11__hugging_happy__EKE2KNRE.mp4,0,17,14,31,0,100,54.83870968,45.16129032
01_11__hugging_happy__P06JKA75.mp4,1,14,17,31,0,0,45.16129032,54.83870968
01_11__kitchen_pan__WIZ7GKOD.mp4,1,1,30,31,0,0,3.225806452,96.77419355
01_11__kitchen_still__5OVT6C66.mp4,0,24,7,31,0,100,77.41935484,22.58064516
01_11__meeting_serious__18HYCC8C.mp4,1,0,31,31,0,0,0,100
01_11__meeting_serious__9OM3VE0Y.mp4,1,0,31,31,0,0,0,100
01_11__meeting_serious__FAFWDR4W.mp4,1,0,31,31,0,0,0,100
01_11__meeting_serious__FCNL2OVP.mp4,1,0,31,31,0,0,0,100
01_11__meeting_serious__WIZ7GKOD.mp4,1,0,31,31,0,0,0,100
01_11__outside_talking_pan_laughing__9OM3VE0Y.mp4,0,25,6,31,0,100,80.64516129,19.35483871
01_11__outside_talking_pan_laughing__LL4RUKZA.mp4,0,28,3,31,0,100,90.32258065,9.677419355
01_11__outside_talking_pan_laughing__UQ0BOBNO.mp4,0,26,5,31,0,100,83.87096774,16.12903226
01_11__outside_talking_pan_laughing__WIZ7GKOD.mp4,0,25,6,31,0,100,80.64516129,19.35483871
01_11__outside_talking_still_laughing__4OJNJLOO.mp4,0,30,1,31,0,100,96.77419355,3.225806452
01_11__outside_talking_still_laughing__9229VVZ3.mp4,0,31,0,31,0,100,100,0
01_11__podium_speech_happy__WIZ7GKOD.mp4,0,31,0,31,0,100,100,0
01_11__secret_conversation__4OJNJLOO.mp4,1,0,31,31,0,0,0,100
01_11__secret_conversation__WIZ7GKOD.mp4,1,3,9,12,0,0,25,75
01_11__talking_against_wall__4OJNJLOO.mp4,1,0,31,31,0,0,0,100
01_11__talking_against_wall__9229VVZ3.mp4,1,0,31,31,0,0,0,100
01_11__talking_against_wall__P06JKA75.mp4,1,0,31,31,0,0,0,100
01_11__talking_against_wall__UQ0BOBNO.mp4,1,0,31,31,0,0,0,100
01_11__talking_against_wall__WIZ7GKOD.mp4,1,0,31,31,0,0,0,100
01_11__talking_angry_couch__FAFWDR4W.mp4,1,0,31,31,0,0,0,100
01_11__walking_and_outside_surprised__18HYCC8C.mp4,1,0,31,31,0,0,0,100
01_11__walking_outside_cafe_disgusted__FAFWDR4W.mp4,1,0,31,31,0,0,0,100
01_12__kitchen_pan__TNI7KUZ6.mp4,1,3,28,31,0,0,9.677419355,90.32258065
01_12__outside_talking_pan_laughing__TNI7KUZ6.mp4,0,29,2,31,0,100,93.5483871,6.451612903
01_12__outside_talking_still_laughing__TNI7KUZ6.mp4,0,22,9,31,0,100,70.96774194,29.03225806
01_14__hugging_happy__0S0NS5C6.mp4,0,17,14,31,0,100,54.83870968,45.16129032
01_14__kitchen_still__01YF7VQM.mp4,0,20,11,31,0,100,64.51612903,35.48387097
01_14__outside_talking_still_laughing__01YF7VQM.mp4,0,29,2,31,0,100,93.5483871,6.451612903
01_14__walking_and_outside_surprised__01YF7VQM.mp4,1,0,31,31,0,0,0,100
01_14__walking_outside_cafe_disgusted__01YF7VQM.mp4,1,8,23,31,0,0,25.80645161,74.19354839
01_15__exit_phone_room__02HILKYO.mp4,0,22,9,31,0,100,70.96774194,29.03225806
01_15__hugging_happy__02HILKYO.mp4,0,16,15,31,0,100,51.61290323,48.38709677
01_15__kitchen_pan__02HILKYO.mp4,1,1,30,31,0,0,3.225806452,96.77419355
01_15__kitchen_still__02HILKYO.mp4,0,20,11,31,0,100,64.51612903,35.48387097
01_15__meeting_serious__02HILKYO.mp4,1,0,31,31,0,0,0,100
01_15__outside_talking_pan_laughing__02HILKYO.mp4,0,22,9,31,0,100,70.96774194,29.03225806
01_15__outside_talking_still_laughing__02HILKYO.mp4,0,29,2,31,0,100,93.5483871,6.451612903
01_15__podium_speech_happy__02HILKYO.mp4,0,31,0,31,0,100,100,0
01_15__walking_and_outside_surprised__02HILKYO.mp4,1,0,31,31,0,0,0,100
01_15__walking_down_street_outside_angry__02HILKYO.mp4,1,0,31,31,0,0,0,100
01_15__walk_down_hall_angry__02HILKYO.mp4,0,31,0,31,0,100,100,0
01_20__hugging_happy__6UBMLXK3.mp4,1,15,16,31,0,0,48.38709677,51.61290323
01_20__hugging_happy__FW94AIMJ.mp4,1,14,17,31,0,0,45.16129032,54.83870968
01_20__kitchen_pan__6UBMLXK3.mp4,1,2,29,31,0,0,6.451612903,93.5483871
01_20__kitchen_still__D8GWGO2A.mp4,0,22,9,31,0,100,70.96774194,29.03225806
01_20__kitchen_still__FW94AIMJ.mp4,1,8,23,31,0,0,25.80645161,74.19354839
01_20__meeting_serious__6UBMLXK3.mp4,1,0,31,31,0,0,0,100
01_20__meeting_serious__D8GWGO2A.mp4,1,0,31,31,0,0,0,100
01_20__meeting_serious__FW94AIMJ.mp4,1,0,31,31,0,0,0,100
01_20__outside_talking_pan_laughing__6UBMLXK3.mp4,0,30,1,31,0,100,96.77419355,3.225806452
01_20__outside_talking_pan_laughing__OTGHOG4Z.mp4,0,25,6,31,0,100,80.64516129,19.35483871
01_20__outside_talking_still_laughing__6UBMLXK3.mp4,0,31,0,31,0,100,100,0
01_20__outside_talking_still_laughing__FW94AIMJ.mp4,0,29,2,31,0,100,93.5483871,6.451612903
01_20__outside_talking_still_laughing__OTGHOG4Z.mp4,0,29,2,31,0,100,93.5483871,6.451612903
01_20__secret_conversation__6UBMLXK3.mp4,1,0,31,31,0,0,0,100
01_20__secret_conversation__FW94AIMJ.mp4,1,2,11,13,0,0,15.38461538,84.61538462
01_20__talking_angry_couch__6UBMLXK3.mp4,1,0,31,31,0,0,0,100
01_20__talking_angry_couch__FW94AIMJ.mp4,1,0,31,31,0,0,0,100
01_20__walking_and_outside_surprised__6UBMLXK3.mp4,1,0,31,31,0,0,0,100
01_20__walking_and_outside_surprised__OTGHOG4Z.mp4,1,0,31,31,0,0,0,100
01_20__walk_down_hall_angry__FW94AIMJ.mp4,0,31,0,31,0,100,100,0
01_21__kitchen_pan__03X7CELV.mp4,1,0,31,31,0,0,0,100
01_21__outside_talking_pan_laughing__03X7CELV.mp4,0,18,13,31,0,100,58.06451613,41.93548387
01_21__secret_conversation__03X7CELV.mp4,1,0,31,31,0,0,0,100
01_21__talking_angry_couch__03X7CELV.mp4,1,0,31,31,0,0,0,100
01_21__walk_down_hall_angry__03X7CELV.mp4,0,31,0,31,0,100,100,0
01_26__exit_phone_room__BTVMWLG6.mp4,0,22,9,31,0,100,70.96774194,29.03225806
01_26__meeting_serious__ZMEJ535O.mp4,1,0,31,31,0,0,0,100
01_26__outside_talking_pan_laughing__ZMEJ535O.mp4,0,27,4,31,0,100,87.09677419,12.90322581
01_26__walking_outside_cafe_disgusted__BTVMWLG6.mp4,1,9,22,31,0,0,29.03225806,70.96774194
01_27__hugging_happy__ZYCZ30C0.mp4,0,16,15,31,0,100,51.61290323,48.38709677
01_27__meeting_serious__ZYCZ30C0.mp4,1,0,31,31,0,0,0,100
01_27__outside_talking_pan_laughing__S2YCUY48.mp4,0,21,10,31,0,100,67.74193548,32.25806452
01_27__outside_talking_still_laughing__S2YCUY48.mp4,0,30,1,31,0,100,96.77419355,3.225806452
01_27__outside_talking_still_laughing__ZYCZ30C0.mp4,0,31,0,31,0,100,100,0
01_27__talking_against_wall__ZYCZ30C0.mp4,1,0,31,31,0,0,0,100
01_27__talking_angry_couch__ZYCZ30C0.mp4,1,0,31,31,0,0,0,100
01_27__walking_outside_cafe_disgusted__ZYCZ30C0.mp4,1,4,27,31,0,0,12.90322581,87.09677419
02_01__exit_phone_room__YVGY8LOK.mp4,0,22,9,31,0,100,70.96774194,29.03225806
02_01__hugging_happy__YVGY8LOK.mp4,1,0,31,31,0,0,0,100
02_01__meeting_serious__YVGY8LOK.mp4,1,0,31,31,0,0,0,100
02_01__outside_talking_still_laughing__YVGY8LOK.mp4,0,21,10,31,0,100,67.74193548,32.25806452
02_01__secret_conversation__YVGY8LOK.mp4,1,0,31,31,0,0,0,100
02_01__talking_against_wall__YVGY8LOK.mp4,1,0,31,31,0,0,0,100
02_01__talking_angry_couch__YVGY8LOK.mp4,1,0,31,31,0,0,0,100
02_01__walking_and_outside_surprised__YVGY8LOK.mp4,1,0,31,31,0,0,0,100
02_01__walking_down_indoor_hall_disgust__YVGY8LOK.mp4,1,0,31,31,0,0,0,100
02_01__walking_outside_cafe_disgusted__YVGY8LOK.mp4,0,16,15,31,0,100,51.61290323,48.38709677
02_01__walk_down_hall_angry__YVGY8LOK.mp4,0,31,0,31,0,100,100,0
02_03__kitchen_still__ZESUJMM7.mp4,1,0,31,31,0,0,0,100
02_03__podium_speech_happy__QH3Y0IG0.mp4,1,9,22,31,0,0,29.03225806,70.96774194
02_03__walking_and_outside_surprised__GYX5OFTD.mp4,1,0,31,31,0,0,0,100
02_03__walking_down_street_outside_angry__QH3Y0IG0.mp4,1,0,31,31,0,0,0,100
02_03__walking_outside_cafe_disgusted__GYX5OFTD.mp4,1,15,16,31,0,0,48.38709677,51.61290323
02_03__walking_outside_cafe_disgusted__QH3Y0IG0.mp4,0,16,15,31,0,100,51.61290323,48.38709677
02_04__exit_phone_room__SUIZOXAJ.mp4,0,23,8,31,0,100,74.19354839,25.80645161
02_04__hugging_happy__SUIZOXAJ.mp4,1,0,31,31,0,0,0,100
02_04__outside_talking_pan_laughing__8CH7R4LW.mp4,1,1,30,31,0,0,3.225806452,96.77419355
02_04__outside_talking_still_laughing__8CH7R4LW.mp4,0,21,10,31,0,100,67.74193548,32.25806452
02_04__podium_speech_happy__8CH7R4LW.mp4,0,17,14,31,0,100,54.83870968,45.16129032
02_04__secret_conversation__8CH7R4LW.mp4,1,0,31,31,0,0,0,100
02_04__walking_and_outside_surprised__SUIZOXAJ.mp4,1,0,31,31,0,0,0,100
02_04__walk_down_hall_angry__8CH7R4LW.mp4,0,31,0,31,0,100,100,0
02_04__walk_down_hall_angry__SUIZOXAJ.mp4,0,31,0,31,0,100,100,0
02_06__exit_phone_room__3J3BHSHI.mp4,0,22,9,31,0,100,70.96774194,29.03225806
02_06__exit_phone_room__HZAXM70B.mp4,0,16,15,31,0,100,51.61290323,48.38709677
02_06__kitchen_pan__0M6JNS5D.mp4,1,0,31,31,0,0,0,100
02_06__kitchen_pan__3J3BHSHI.mp4,1,0,31,31,0,0,0,100
02_06__kitchen_pan__O9WOC1KJ.mp4,1,0,31,31,0,0,0,100
02_06__kitchen_still__HZAXM70B.mp4,1,0,31,31,0,0,0,100
02_06__meeting_serious__0M6JNS5D.mp4,1,0,31,31,0,0,0,100
02_06__outside_talking_pan_laughing__N8OSN8P6.mp4,1,0,31,31,0,0,0,100
02_06__podium_speech_happy__N8OSN8P6.mp4,1,9,22,31,0,0,29.03225806,70.96774194
02_06__podium_speech_happy__SU4OQCS9.mp4,1,8,23,31,0,0,25.80645161,74.19354839
02_06__secret_conversation__O9WOC1KJ.mp4,1,0,31,31,0,0,0,100
02_06__talking_angry_couch__GH8TGTBS.mp4,1,0,31,31,0,0,0,100
02_06__talking_angry_couch__J1W9R0NG.mp4,1,0,31,31,0,0,0,100
02_06__talking_angry_couch__MKZTXQ2T.mp4,1,0,31,31,0,0,0,100
02_06__walking_and_outside_surprised__N8OSN8P6.mp4,1,0,31,31,0,0,0,100
02_06__walking_and_outside_surprised__O9WOC1KJ.mp4,1,0,31,31,0,0,0,100
02_06__walking_down_indoor_hall_disgust__GH8TGTBS.mp4,1,0,31,31,0,0,0,100
02_06__walking_down_indoor_hall_disgust__HZAXM70B.mp4,1,0,31,31,0,0,0,100
02_06__walking_down_indoor_hall_disgust__SU4OQCS9.mp4,1,0,31,31,0,0,0,100
02_06__walking_down_indoor_hall_disgust__U6MDWIHG.mp4,1,0,31,31,0,0,0,100
02_06__walking_down_street_outside_angry__MKZTXQ2T.mp4,1,0,31,31,0,0,0,100
02_06__walking_outside_cafe_disgusted__37DH75GQ.mp4,0,31,0,31,0,100,100,0
02_06__walking_outside_cafe_disgusted__GH8TGTBS.mp4,0,21,10,31,0,100,67.74193548,32.25806452
02_06__walk_down_hall_angry__0M6JNS5D.mp4,0,31,0,31,0,100,100,0
02_06__walk_down_hall_angry__MKZTXQ2T.mp4,0,31,0,31,0,100,100,0
02_07__exit_phone_room__1JCLEEBQ.mp4,1,15,16,31,0,0,48.38709677,51.61290323
02_07__exit_phone_room__9NVRE2KQ.mp4,1,15,16,31,0,0,48.38709677,51.61290323
02_07__hugging_happy__1JCLEEBQ.mp4,1,0,31,31,0,0,0,100
02_07__hugging_happy__O4SXNLRL.mp4,1,0,31,31,0,0,0,100
02_07__kitchen_pan__34PVT42V.mp4,1,0,31,31,0,0,0,100
02_07__kitchen_pan__O4SXNLRL.mp4,1,0,31,31,0,0,0,100
02_07__kitchen_still__1ZE4HC06.mp4,1,0,31,31,0,0,0,100
02_07__kitchen_still__TBLYQBIY.mp4,1,0,31,31,0,0,0,100
02_07__meeting_serious__1H07DFQJ.mp4,1,0,31,31,0,0,0,100
02_07__meeting_serious__1JCLEEBQ.mp4,1,0,31,31,0,0,0,100
02_07__meeting_serious__O4SXNLRL.mp4,1,0,31,31,0,0,0,100
02_07__outside_talking_pan_laughing__34PVT42V.mp4,1,0,31,31,0,0,0,100
02_07__outside_talking_pan_laughing__O4SXNLRL.mp4,1,0,31,31,0,0,0,100
02_07__podium_speech_happy__0IYV5DQ5.mp4,1,7,24,31,0,0,22.58064516,77.41935484
02_07__podium_speech_happy__1KPVZAAP.mp4,1,8,23,31,0,0,25.80645161,74.19354839
02_07__podium_speech_happy__UH60ROEK.mp4,1,8,23,31,0,0,25.80645161,74.19354839
02_07__secret_conversation__0IYV5DQ5.mp4,1,0,31,31,0,0,0,100
02_07__secret_conversation__1JCLEEBQ.mp4,1,0,31,31,0,0,0,100
02_07__secret_conversation__1VMZUH1W.mp4,1,0,31,31,0,0,0,100
02_07__talking_against_wall__1ZE4HC06.mp4,1,0,31,31,0,0,0,100
02_07__talking_against_wall__O4SXNLRL.mp4,1,0,31,31,0,0,0,100
02_07__talking_angry_couch__1VMZUH1W.mp4,1,0,31,31,0,0,0,100
02_07__walking_and_outside_surprised__1VMZUH1W.mp4,1,0,31,31,0,0,0,100
02_07__walking_and_outside_surprised__UH60ROEK.mp4,1,0,31,31,0,0,0,100
02_07__walking_down_street_outside_angry__O4SXNLRL.mp4,1,0,31,31,0,0,0,100
02_07__walking_outside_cafe_disgusted__1H07DFQJ.mp4,0,16,15,31,0,100,51.61290323,48.38709677
02_07__walk_down_hall_angry__1JCLEEBQ.mp4,0,31,0,31,0,100,100,0
02_07__walk_down_hall_angry__O4SXNLRL.mp4,0,31,0,31,0,100,100,0
02_07__walk_down_hall_angry__U7DEOZNV.mp4,0,31,0,31,0,100,100,0
02_09__exit_phone_room__6KUOFMZW.mp4,0,21,10,31,0,100,67.74193548,32.25806452
02_09__exit_phone_room__HIH8YA82.mp4,0,16,15,31,0,100,51.61290323,48.38709677
02_09__hugging_happy__9TDCEK1Q.mp4,1,0,31,31,0,0,0,100
02_09__hugging_happy__HIH8YA82.mp4,1,0,31,31,0,0,0,100
02_09__kitchen_pan__6KUOFMZW.mp4,1,0,31,31,0,0,0,100
02_09__kitchen_pan__9TDCEK1Q.mp4,1,0,31,31,0,0,0,100
02_09__kitchen_pan__HIH8YA82.mp4,1,0,31,31,0,0,0,100
02_09__kitchen_still__6KUOFMZW.mp4,1,0,31,31,0,0,0,100
02_09__meeting_serious__6KUOFMZW.mp4,1,0,31,31,0,0,0,100
02_09__meeting_serious__9TDCEK1Q.mp4,1,0,31,31,0,0,0,100
02_09__outside_talking_pan_laughing__6KUOFMZW.mp4,1,1,30,31,0,0,3.225806452,96.77419355
02_09__outside_talking_pan_laughing__HIH8YA82.mp4,1,1,30,31,0,0,3.225806452,96.77419355
02_09__outside_talking_still_laughing__9TDCEK1Q.mp4,0,19,12,31,0,100,61.29032258,38.70967742
02_09__podium_speech_happy__9TDCEK1Q.mp4,1,9,22,31,0,0,29.03225806,70.96774194
02_09__podium_speech_happy__HIH8YA82.mp4,1,14,17,31,0,0,45.16129032,54.83870968
02_09__secret_conversation__6KUOFMZW.mp4,1,0,31,31,0,0,0,100
02_09__talking_angry_couch__6KUOFMZW.mp4,1,0,31,31,0,0,0,100
02_09__walking_down_street_outside_angry__6KUOFMZW.mp4,1,0,31,31,0,0,0,100
02_09__walking_down_street_outside_angry__9TDCEK1Q.mp4,1,0,31,31,0,0,0,100
02_09__walking_down_street_outside_angry__HIH8YA82.mp4,1,0,31,31,0,0,0,100
02_09__walk_down_hall_angry__6KUOFMZW.mp4,0,31,0,31,0,100,100,0
02_09__walk_down_hall_angry__9TDCEK1Q.mp4,0,31,0,31,0,100,100,0
02_11__meeting_serious__NZJ1YEWE.mp4,1,0,31,31,0,0,0,100
02_12__hugging_happy__9D2ZHEKW.mp4,1,0,31,31,0,0,0,100
02_12__outside_talking_pan_laughing__9D2ZHEKW.mp4,1,1,30,31,0,0,3.225806452,96.77419355
02_12__podium_speech_happy__9D2ZHEKW.mp4,1,8,23,31,0,0,25.80645161,74.19354839
02_12__walking_and_outside_surprised__9D2ZHEKW.mp4,1,0,31,31,0,0,0,100
02_13__exit_phone_room__CP5HFV3K.mp4,0,17,14,31,0,100,54.83870968,45.16129032
02_13__exit_phone_room__PLNVLO74.mp4,1,15,16,31,0,0,48.38709677,51.61290323
02_13__hugging_happy__PLNVLO74.mp4,1,0,31,31,0,0,0,100
02_13__kitchen_pan__0RKOCC6A.mp4,1,0,31,31,0,0,0,100
02_13__kitchen_pan__2YSYT2N3.mp4,1,0,31,31,0,0,0,100
02_13__kitchen_pan__CP5HFV3K.mp4,1,0,31,31,0,0,0,100
02_13__kitchen_still__2YSYT2N3.mp4,1,0,31,31,0,0,0,100
02_13__meeting_serious__CP5HFV3K.mp4,1,0,31,31,0,0,0,100
02_13__outside_talking_pan_laughing__0RKOCC6A.mp4,1,1,30,31,0,0,3.225806452,96.77419355
02_13__outside_talking_pan_laughing__2YSYT2N3.mp4,1,2,29,31,0,0,6.451612903,93.5483871
02_13__outside_talking_still_laughing__2YSYT2N3.mp4,0,20,11,31,0,100,64.51612903,35.48387097
02_13__outside_talking_still_laughing__CP5HFV3K.mp4,0,19,12,31,0,100,61.29032258,38.70967742
02_13__podium_speech_happy__2YSYT2N3.mp4,1,10,21,31,0,0,32.25806452,67.74193548
02_13__secret_conversation__CP5HFV3K.mp4,1,0,31,31,0,0,0,100
02_13__secret_conversation__PLNVLO74.mp4,1,0,31,31,0,0,0,100
02_13__talking_angry_couch__AROBAY8R.mp4,1,0,31,31,0,0,0,100
02_13__talking_angry_couch__CP5HFV3K.mp4,1,0,31,31,0,0,0,100
02_13__walking_and_outside_surprised__CP5HFV3K.mp4,1,0,31,31,0,0,0,100
02_13__walking_down_indoor_hall_disgust__CP5HFV3K.mp4,1,0,31,31,0,0,0,100
02_13__walking_down_street_outside_angry__2YSYT2N3.mp4,1,0,31,31,0,0,0,100
02_13__walking_outside_cafe_disgusted__AROBAY8R.mp4,0,31,0,31,0,100,100,0
02_13__walking_outside_cafe_disgusted__CP5HFV3K.mp4,0,21,10,31,0,100,67.74193548,32.25806452
02_14__exit_phone_room__3IUBEKCT.mp4,1,14,17,31,0,0,45.16129032,54.83870968
02_14__kitchen_pan__3IUBEKCT.mp4,1,0,31,31,0,0,0,100
02_14__meeting_serious__3IUBEKCT.mp4,1,0,31,31,0,0,0,100
02_14__outside_talking_pan_laughing__3IUBEKCT.mp4,1,1,30,31,0,0,3.225806452,96.77419355
02_14__podium_speech_happy__3IUBEKCT.mp4,1,9,22,31,0,0,29.03225806,70.96774194
02_14__secret_conversation__3IUBEKCT.mp4,1,0,31,31,0,0,0,100
02_14__walking_and_outside_surprised__3IUBEKCT.mp4,1,0,31,31,0,0,0,100
02_14__walking_outside_cafe_disgusted__3IUBEKCT.mp4,0,20,11,31,0,100,64.51612903,35.48387097
02_15__exit_phone_room__HTG660F8.mp4,1,15,16,31,0,0,48.38709677,51.61290323
02_15__exit_phone_room__I8G2LWD1.mp4,1,15,16,31,0,0,48.38709677,51.61290323
02_15__exit_phone_room__MCRFMYAE.mp4,1,14,17,31,0,0,45.16129032,54.83870968
02_15__exit_phone_room__MZWH8ATN.mp4,1,14,17,31,0,0,45.16129032,54.83870968
02_15__hugging_happy__HTG660F8.mp4,1,0,31,31,0,0,0,100
02_15__hugging_happy__MZWH8ATN.mp4,1,0,31,31,0,0,0,100
02_15__hugging_happy__XNJIS4S3.mp4,1,0,31,31,0,0,0,100
02_15__kitchen_pan__SB6PMCO0.mp4,1,0,31,31,0,0,0,100
02_15__kitchen_still__HTG660F8.mp4,1,0,31,31,0,0,0,100
02_15__kitchen_still__I8G2LWD1.mp4,1,0,31,31,0,0,0,100
02_15__kitchen_still__XNJIS4S3.mp4,1,0,31,31,0,0,0,100
02_15__meeting_serious__HTG660F8.mp4,1,0,31,31,0,0,0,100
02_15__meeting_serious__MZWH8ATN.mp4,1,0,31,31,0,0,0,100
02_15__meeting_serious__N864L40U.mp4,1,0,31,31,0,0,0,100
02_15__meeting_serious__TSRK8QS4.mp4,1,0,31,31,0,0,0,100
02_15__outside_talking_pan_laughing__I8G2LWD1.mp4,1,0,31,31,0,0,0,100
02_15__outside_talking_pan_laughing__SB6PMCO0.mp4,1,0,31,31,0,0,0,100
02_15__outside_talking_pan_laughing__TN2CWM3K.mp4,1,0,31,31,0,0,0,100
02_15__outside_talking_still_laughing__HTG660F8.mp4,0,27,4,31,0,100,87.09677419,12.90322581
02_15__outside_talking_still_laughing__SB6PMCO0.mp4,0,20,11,31,0,100,64.51612903,35.48387097
02_15__podium_speech_happy__I8G2LWD1.mp4,1,7,24,31,0,0,22.58064516,77.41935484
02_15__podium_speech_happy__MZWH8ATN.mp4,1,6,25,31,0,0,19.35483871,80.64516129
02_15__podium_speech_happy__N864L40U.mp4,1,12,19,31,0,0,38.70967742,61.29032258
02_15__secret_conversation__MZWH8ATN.mp4,1,0,31,31,0,0,0,100
02_15__secret_conversation__N864L40U.mp4,1,0,31,31,0,0,0,100
02_15__talking_against_wall__HTG660F8.mp4,1,0,31,31,0,0,0,100
02_15__talking_against_wall__I8G2LWD1.mp4,1,0,31,31,0,0,0,100
02_15__talking_against_wall__MZWH8ATN.mp4,1,0,31,31,0,0,0,100
02_15__talking_against_wall__P2FAY3DR.mp4,1,0,31,31,0,0,0,100
02_15__talking_against_wall__QYSDT9SO.mp4,1,0,31,31,0,0,0,100
02_15__talking_angry_couch__HTG660F8.mp4,1,0,31,31,0,0,0,100
02_15__talking_angry_couch__I8G2LWD1.mp4,1,0,31,31,0,0,0,100
02_15__walking_and_outside_surprised__HTG660F8.mp4,1,0,31,31,0,0,0,100
02_15__walking_and_outside_surprised__I8G2LWD1.mp4,1,0,31,31,0,0,0,100
02_15__walking_and_outside_surprised__MZWH8ATN.mp4,1,0,31,31,0,0,0,100
02_15__walking_down_indoor_hall_disgust__HTG660F8.mp4,1,0,31,31,0,0,0,100
02_15__walking_down_street_outside_angry__I8G2LWD1.mp4,1,0,31,31,0,0,0,100
02_15__walking_down_street_outside_angry__MZWH8ATN.mp4,1,0,31,31,0,0,0,100
02_15__walking_outside_cafe_disgusted__HTG660F8.mp4,0,19,12,31,0,100,61.29032258,38.70967742
02_15__walking_outside_cafe_disgusted__MZWH8ATN.mp4,0,20,11,31,0,100,64.51612903,35.48387097
02_15__walk_down_hall_angry__HTG660F8.mp4,0,31,0,31,0,100,100,0
02_15__walk_down_hall_angry__TN2CWM3K.mp4,0,31,0,31,0,100,100,0
02_18__exit_phone_room__B95S4G6F.mp4,1,15,16,31,0,0,48.38709677,51.61290323
02_18__exit_phone_room__OXMEEFUQ.mp4,1,15,16,31,0,0,48.38709677,51.61290323
02_18__kitchen_still__B95S4G6F.mp4,1,0,31,31,0,0,0,100
02_18__kitchen_still__OXMEEFUQ.mp4,1,0,31,31,0,0,0,100
02_18__meeting_serious__B95S4G6F.mp4,1,0,31,31,0,0,0,100
02_18__outside_talking_pan_laughing__OXMEEFUQ.mp4,1,1,30,31,0,0,3.225806452,96.77419355
02_18__outside_talking_still_laughing__OXMEEFUQ.mp4,0,21,10,31,0,100,67.74193548,32.25806452
02_18__secret_conversation__B95S4G6F.mp4,1,0,31,31,0,0,0,100
02_18__walking_and_outside_surprised__B95S4G6F.mp4,1,0,31,31,0,0,0,100
02_18__walking_down_street_outside_angry__21JTDDEL.mp4,1,0,31,31,0,0,0,100
02_18__walk_down_hall_angry__B95S4G6F.mp4,0,31,0,31,0,100,100,0
02_21__kitchen_pan__Z0XHPQAR.mp4,1,0,31,31,0,0,0,100
02_21__outside_talking_still_laughing__Z0XHPQAR.mp4,0,20,11,31,0,100,64.51612903,35.48387097
02_21__talking_angry_couch__Z0XHPQAR.mp4,1,0,31,31,0,0,0,100
02_25__exit_phone_room__Z7FQ69VP.mp4,0,16,15,31,0,100,51.61290323,48.38709677
02_25__hugging_happy__Z7FQ69VP.mp4,1,0,31,31,0,0,0,100
02_25__outside_talking_pan_laughing__Z7FQ69VP.mp4,1,2,29,31,0,0,6.451612903,93.5483871
02_25__outside_talking_still_laughing__Z7FQ69VP.mp4,0,21,10,31,0,100,67.74193548,32.25806452
02_25__secret_conversation__Z7FQ69VP.mp4,1,0,31,31,0,0,0,100
02_25__talking_against_wall__Z7FQ69VP.mp4,1,0,31,31,0,0,0,100
02_25__talking_angry_couch__Z7FQ69VP.mp4,1,0,31,31,0,0,0,100
02_25__walking_and_outside_surprised__Z7FQ69VP.mp4,1,0,31,31,0,0,0,100
02_25__walking_down_street_outside_angry__Z7FQ69VP.mp4,1,0,31,31,0,0,0,100
02_25__walking_outside_cafe_disgusted__Z7FQ69VP.mp4,0,31,0,31,0,100,100,0
02_27__hugging_happy__6GC9HY9J.mp4,1,0,31,31,0,0,0,100
02_27__hugging_happy__GVFLSZD5.mp4,1,0,31,31,0,0,0,100
02_27__kitchen_pan__3L1MLH3D.mp4,1,0,31,31,0,0,0,100
02_27__kitchen_pan__B3XHKO27.mp4,1,0,31,31,0,0,0,100
02_27__kitchen_pan__UGO2181S.mp4,1,0,31,31,0,0,0,100
02_27__meeting_serious__QW05XUUZ.mp4,1,0,31,31,0,0,0,100
02_27__outside_talking_pan_laughing__QW05XUUZ.mp4,1,0,31,31,0,0,0,100
02_27__outside_talking_pan_laughing__XFSH3BW7.mp4,1,0,31,31,0,0,0,100
02_27__outside_talking_still_laughing__FV8M8O2C.mp4,0,21,10,31,0,100,67.74193548,32.25806452
02_27__outside_talking_still_laughing__YQX5Z8GN.mp4,0,21,10,31,0,100,67.74193548,32.25806452
02_27__podium_speech_happy__UGO2181S.mp4,1,6,25,31,0,0,19.35483871,80.64516129
02_27__walking_and_outside_surprised__QW05XUUZ.mp4,1,0,31,31,0,0,0,100
02_27__walking_and_outside_surprised__UGO2181S.mp4,1,0,31,31,0,0,0,100
02_27__walking_down_indoor_hall_disgust__YQX5Z8GN.mp4,1,0,31,31,0,0,0,100
02_27__walking_down_street_outside_angry__3L1MLH3D.mp4,1,0,31,31,0,0,0,100
02_27__walking_outside_cafe_disgusted__3L1MLH3D.mp4,0,31,0,31,0,100,100,0
02_27__walking_outside_cafe_disgusted__78M8S6M6.mp4,1,15,16,31,0,0,48.38709677,51.61290323
02_27__walk_down_hall_angry__78M8S6M6.mp4,0,31,0,31,0,100,100,0
03_01__exit_phone_room__480LQD1C.mp4,0,31,0,31,0,100,100,0
03_01__hugging_happy__ISF9SP4G.mp4,1,4,27,31,0,0,12.90322581,87.09677419
03_01__kitchen_pan__JZUXXFRB.mp4,1,0,31,31,0,0,0,100
03_01__kitchen_still__JZUXXFRB.mp4,1,0,31,31,0,0,0,100
03_01__meeting_serious__ISF9SP4G.mp4,1,0,31,31,0,0,0,100
03_01__meeting_serious__JZUXXFRB.mp4,1,0,31,31,0,0,0,100
03_01__outside_talking_still_laughing__JZUXXFRB.mp4,0,27,4,31,0,100,87.09677419,12.90322581
03_01__podium_speech_happy__480LQD1C.mp4,1,1,30,31,0,0,3.225806452,96.77419355
03_01__podium_speech_happy__ISF9SP4G.mp4,1,0,31,31,0,0,0,100
03_01__podium_speech_happy__JZUXXFRB.mp4,1,0,31,31,0,0,0,100
03_01__secret_conversation__480LQD1C.mp4,1,4,27,31,0,0,12.90322581,87.09677419
03_01__talking_against_wall__JZUXXFRB.mp4,1,0,31,31,0,0,0,100
03_01__talking_angry_couch__JZUXXFRB.mp4,1,0,31,31,0,0,0,100
03_01__walking_and_outside_surprised__JZUXXFRB.mp4,1,0,31,31,0,0,0,100
03_02__meeting_serious__ZESUJMM7.mp4,1,0,31,31,0,0,0,100
03_02__secret_conversation__GYX5OFTD.mp4,1,3,15,18,0,0,16.66666667,83.33333333
03_02__secret_conversation__QH3Y0IG0.mp4,1,6,25,31,0,0,19.35483871,80.64516129
03_02__walking_and_outside_surprised__GYX5OFTD.mp4,1,0,31,31,0,0,0,100
03_02__walking_down_street_outside_angry__QH3Y0IG0.mp4,1,0,31,31,0,0,0,100
03_04__kitchen_pan__T04P6ELC.mp4,1,0,31,31,0,0,0,100
03_04__outside_talking_pan_laughing__T04P6ELC.mp4,0,28,3,31,0,100,90.32258065,9.677419355
03_04__talking_angry_couch__T04P6ELC.mp4,1,0,31,31,0,0,0,100
03_06__exit_phone_room__1IXGY2FK.mp4,0,31,0,31,0,100,100,0
03_06__hugging_happy__1IXGY2FK.mp4,1,1,30,31,0,0,3.225806452,96.77419355
03_06__hugging_happy__2XWC5JED.mp4,1,1,30,31,0,0,3.225806452,96.77419355
03_06__hugging_happy__4I8LRXWF.mp4,1,0,31,31,0,0,0,100
03_06__kitchen_pan__1IXGY2FK.mp4,1,0,31,31,0,0,0,100
03_06__kitchen_pan__2XWC5JED.mp4,1,0,31,31,0,0,0,100
03_06__kitchen_still__1IXGY2FK.mp4,1,0,31,31,0,0,0,100
03_06__kitchen_still__ZFRX9RKW.mp4,1,0,31,31,0,0,0,100
03_06__meeting_serious__1IXGY2FK.mp4,1,0,31,31,0,0,0,100
03_06__meeting_serious__83ABVHC3.mp4,1,0,31,31,0,0,0,100
03_06__podium_speech_happy__1IXGY2FK.mp4,1,0,31,31,0,0,0,100
03_06__podium_speech_happy__2XWC5JED.mp4,1,0,31,31,0,0,0,100
03_06__podium_speech_happy__83ABVHC3.mp4,1,0,31,31,0,0,0,100
03_06__podium_speech_happy__KIWCEATU.mp4,1,0,31,31,0,0,0,100
03_06__podium_speech_happy__ZFRX9RKW.mp4,1,0,31,31,0,0,0,100
03_06__secret_conversation__1IXGY2FK.mp4,1,4,27,31,0,0,12.90322581,87.09677419
03_06__talking_against_wall__1IXGY2FK.mp4,1,0,31,31,0,0,0,100
03_06__talking_against_wall__OPTNKNYK.mp4,1,0,31,31,0,0,0,100
03_06__walking_down_indoor_hall_disgust__1IXGY2FK.mp4,1,0,31,31,0,0,0,100
03_06__walking_down_street_outside_angry__1IXGY2FK.mp4,1,0,31,31,0,0,0,100
03_06__walk_down_hall_angry__1IXGY2FK.mp4,0,31,0,31,0,100,100,0
03_07__exit_phone_room__6PHZRQ4H.mp4,0,31,0,31,0,100,100,0
03_07__exit_phone_room__WPT3Z2KN.mp4,0,31,0,31,0,100,100,0
03_07__hugging_happy__BKLOCI1M.mp4,1,0,31,31,0,0,0,100
03_07__hugging_happy__IFSURI9X.mp4,1,0,31,31,0,0,0,100
03_07__hugging_happy__WPT3Z2KN.mp4,1,0,31,31,0,0,0,100
03_07__kitchen_pan__WPT3Z2KN.mp4,1,0,31,31,0,0,0,100
03_07__kitchen_still__WPT3Z2KN.mp4,1,0,31,31,0,0,0,100
03_07__meeting_serious__W3MXGEU9.mp4,1,0,31,31,0,0,0,100
03_07__outside_talking_pan_laughing__6PHZRQ4H.mp4,0,28,3,31,0,100,90.32258065,9.677419355
03_07__outside_talking_pan_laughing__IFSURI9X.mp4,0,26,5,31,0,100,83.87096774,16.12903226
03_07__outside_talking_still_laughing__IFSURI9X.mp4,0,26,5,31,0,100,83.87096774,16.12903226
03_07__outside_talking_still_laughing__W3MXGEU9.mp4,0,27,4,31,0,100,87.09677419,12.90322581
03_07__podium_speech_happy__6PHZRQ4H.mp4,1,0,31,31,0,0,0,100
03_07__podium_speech_happy__IFSURI9X.mp4,1,0,31,31,0,0,0,100
03_07__secret_conversation__9NVYPOMN.mp4,1,4,27,31,0,0,12.90322581,87.09677419
03_07__secret_conversation__IFSURI9X.mp4,1,3,28,31,0,0,9.677419355,90.32258065
03_07__talking_against_wall__9NVYPOMN.mp4,1,0,31,31,0,0,0,100
03_07__talking_against_wall__BKLOCI1M.mp4,1,0,31,31,0,0,0,100
03_07__talking_against_wall__F0YYEA5W.mp4,1,0,31,31,0,0,0,100
03_07__talking_against_wall__IFSURI9X.mp4,1,0,31,31,0,0,0,100
03_07__talking_against_wall__PWXXULHR.mp4,1,0,31,31,0,0,0,100
03_07__talking_against_wall__WPT3Z2KN.mp4,1,0,31,31,0,0,0,100
03_07__talking_angry_couch__7NGMD8FT.mp4,1,0,31,31,0,0,0,100
03_07__talking_angry_couch__WPT3Z2KN.mp4,1,0,31,31,0,0,0,100
03_07__walking_and_outside_surprised__IFSURI9X.mp4,1,1,30,31,0,0,3.225806452,96.77419355
03_07__walking_down_indoor_hall_disgust__CDSNLDQ8.mp4,1,0,31,31,0,0,0,100
03_07__walking_down_indoor_hall_disgust__F0YYEA5W.mp4,1,0,31,31,0,0,0,100
03_07__walking_down_indoor_hall_disgust__PWXXULHR.mp4,1,0,31,31,0,0,0,100
03_07__walking_down_indoor_hall_disgust__WPT3Z2KN.mp4,1,1,30,31,0,0,3.225806452,96.77419355
03_07__walking_down_street_outside_angry__W3MXGEU9.mp4,1,0,31,31,0,0,0,100
03_07__walking_outside_cafe_disgusted__6PHZRQ4H.mp4,0,28,3,31,0,100,90.32258065,9.677419355
03_07__walking_outside_cafe_disgusted__CDSNLDQ8.mp4,1,15,16,31,0,0,48.38709677,51.61290323
03_07__walking_outside_cafe_disgusted__F0YYEA5W.mp4,0,31,0,31,0,100,100,0
03_07__walking_outside_cafe_disgusted__IFSURI9X.mp4,0,28,3,31,0,100,90.32258065,9.677419355
03_07__walking_outside_cafe_disgusted__PWXXULHR.mp4,0,31,0,31,0,100,100,0
03_07__walking_outside_cafe_disgusted__WPT3Z2KN.mp4,1,15,16,31,0,0,48.38709677,51.61290323
03_07__walk_down_hall_angry__6PHZRQ4H.mp4,0,31,0,31,0,100,100,0
03_07__walk_down_hall_angry__IFSURI9X.mp4,0,31,0,31,0,100,100,0
03_09__hugging_happy__RCETIXYL.mp4,1,9,22,31,0,0,29.03225806,70.96774194
03_09__kitchen_pan__8DTEGQ54.mp4,1,0,31,31,0,0,0,100
03_09__outside_talking_pan_laughing__8DTEGQ54.mp4,0,30,1,31,0,100,96.77419355,3.225806452
03_09__outside_talking_still_laughing__8DTEGQ54.mp4,0,26,5,31,0,100,83.87096774,16.12903226
03_09__outside_talking_still_laughing__RCETIXYL.mp4,0,28,3,31,0,100,90.32258065,9.677419355
03_09__secret_conversation__8DTEGQ54.mp4,1,4,15,19,0,0,21.05263158,78.94736842
03_09__secret_conversation__RCETIXYL.mp4,1,4,27,31,0,0,12.90322581,87.09677419
03_09__talking_against_wall__8DTEGQ54.mp4,1,0,31,31,0,0,0,100
03_09__talking_angry_couch__RCETIXYL.mp4,1,0,31,31,0,0,0,100
03_09__walk_down_hall_angry__8DTEGQ54.mp4,0,31,0,31,0,100,100,0
03_11__exit_phone_room__P08VGHTA.mp4,0,31,0,31,0,100,100,0
03_11__kitchen_pan__P08VGHTA.mp4,1,0,31,31,0,0,0,100
03_11__kitchen_still__P08VGHTA.mp4,1,0,31,31,0,0,0,100
03_11__outside_talking_pan_laughing__P08VGHTA.mp4,0,31,0,31,0,100,100,0
03_11__outside_talking_still_laughing__P08VGHTA.mp4,0,28,3,31,0,100,90.32258065,9.677419355
03_11__podium_speech_happy__P08VGHTA.mp4,1,1,30,31,0,0,3.225806452,96.77419355
03_11__talking_against_wall__P08VGHTA.mp4,1,0,31,31,0,0,0,100
03_11__talking_against_wall__VLCLB0AU.mp4,1,0,31,31,0,0,0,100
03_11__walking_and_outside_surprised__P08VGHTA.mp4,1,0,31,31,0,0,0,100
03_11__walking_down_indoor_hall_disgust__P08VGHTA.mp4,1,0,31,31,0,0,0,100
03_11__walking_outside_cafe_disgusted__P08VGHTA.mp4,0,16,15,31,0,100,51.61290323,48.38709677
03_11__walking_outside_cafe_disgusted__VLCLB0AU.mp4,0,28,3,31,0,100,90.32258065,9.677419355
03_11__walk_down_hall_angry__P08VGHTA.mp4,0,31,0,31,0,100,100,0
03_12__exit_phone_room__D7G6YJON.mp4,0,31,0,31,0,100,100,0
03_12__kitchen_pan__D7G6YJON.mp4,1,0,31,31,0,0,0,100
03_12__outside_talking_still_laughing__D7G6YJON.mp4,0,28,3,31,0,100,90.32258065,9.677419355
03_12__walking_outside_cafe_disgusted__D7G6YJON.mp4,1,15,16,31,0,0,48.38709677,51.61290323
03_12__walk_down_hall_angry__D7G6YJON.mp4,0,31,0,31,0,100,100,0
03_13__exit_phone_room__GBYWJW06.mp4,0,31,0,31,0,100,100,0
03_13__hugging_happy__GBYWJW06.mp4,0,16,15,31,0,100,51.61290323,48.38709677
03_13__kitchen_pan__GBYWJW06.mp4,1,0,31,31,0,0,0,100
03_13__kitchen_still__T3MZOI8X.mp4,1,0,31,31,0,0,0,100
03_13__meeting_serious__GBYWJW06.mp4,1,0,31,31,0,0,0,100
03_13__meeting_serious__T3MZOI8X.mp4,1,0,31,31,0,0,0,100
03_13__outside_talking_still_laughing__GBYWJW06.mp4,0,28,3,31,0,100,90.32258065,9.677419355
03_13__secret_conversation__GBYWJW06.mp4,1,2,29,31,0,0,6.451612903,93.5483871
03_13__talking_against_wall__GBYWJW06.mp4,1,0,31,31,0,0,0,100
03_13__talking_angry_couch__GBYWJW06.mp4,1,0,31,31,0,0,0,100
03_13__walking_down_indoor_hall_disgust__GBYWJW06.mp4,1,0,31,31,0,0,0,100
03_13__walking_outside_cafe_disgusted__GBYWJW06.mp4,1,15,16,31,0,0,48.38709677,51.61290323
03_14__exit_phone_room__0O9TTCJT.mp4,0,31,0,31,0,100,100,0
03_14__exit_phone_room__H0VQHGS3.mp4,0,31,0,31,0,100,100,0
03_14__exit_phone_room__KJ221YN0.mp4,0,31,0,31,0,100,100,0
03_14__kitchen_pan__38OVCK3X.mp4,1,0,31,31,0,0,0,100
03_14__kitchen_pan__B1CG25H1.mp4,1,0,31,31,0,0,0,100
03_14__kitchen_pan__ZC2KYASW.mp4,1,0,31,31,0,0,0,100
03_14__kitchen_still__Q9NSXM88.mp4,1,0,31,31,0,0,0,100
03_14__meeting_serious__KJ221YN0.mp4,1,0,31,31,0,0,0,100
03_14__meeting_serious__L0GHYIFS.mp4,1,0,31,31,0,0,0,100
03_14__meeting_serious__PLCQJM81.mp4,1,0,31,31,0,0,0,100
03_14__outside_talking_pan_laughing__0O9TTCJT.mp4,0,26,5,31,0,100,83.87096774,16.12903226
03_14__outside_talking_still_laughing__KJ221YN0.mp4,0,28,3,31,0,100,90.32258065,9.677419355
03_14__podium_speech_happy__7JPPCV50.mp4,1,0,31,31,0,0,0,100
03_14__podium_speech_happy__Q9NSXM88.mp4,1,0,31,31,0,0,0,100
03_14__secret_conversation__0O9TTCJT.mp4,1,5,15,20,0,0,25,75
03_14__secret_conversation__KJ221YN0.mp4,1,5,26,31,0,0,16.12903226,83.87096774
03_14__talking_against_wall__ZC2KYASW.mp4,1,0,31,31,0,0,0,100
03_14__walking_and_outside_surprised__H0VQHGS3.mp4,1,0,31,31,0,0,0,100
03_14__walking_and_outside_surprised__P1L5PF4I.mp4,1,0,31,31,0,0,0,100
03_14__walking_down_indoor_hall_disgust__KJ221YN0.mp4,1,0,31,31,0,0,0,100
03_14__walking_down_street_outside_angry__H0VQHGS3.mp4,1,0,31,31,0,0,0,100
03_14__walking_down_street_outside_angry__Q9NSXM88.mp4,1,0,31,31,0,0,0,100
03_14__walking_outside_cafe_disgusted__PLCQJM81.mp4,0,28,3,31,0,100,90.32258065,9.677419355
03_14__walking_outside_cafe_disgusted__ZC2KYASW.mp4,1,14,17,31,0,0,45.16129032,54.83870968
03_14__walk_down_hall_angry__P1L5PF4I.mp4,0,31,0,31,0,100,100,0
03_14__walk_down_hall_angry__PLCQJM81.mp4,0,31,0,31,0,100,100,0
03_15__exit_phone_room__5C1OMK8W.mp4,0,31,0,31,0,100,100,0
03_15__exit_phone_room__GZNLO4X9.mp4,0,31,0,31,0,100,100,0
03_15__exit_phone_room__OY4I7ZU8.mp4,0,31,0,31,0,100,100,0
03_15__kitchen_pan__5C1OMK8W.mp4,1,0,31,31,0,0,0,100
03_15__kitchen_pan__AIOM1U5V.mp4,1,0,31,31,0,0,0,100
03_15__kitchen_pan__DNUJD8M2.mp4,1,0,31,31,0,0,0,100
03_15__kitchen_still__AIOM1U5V.mp4,1,0,31,31,0,0,0,100
03_15__kitchen_still__OY4I7ZU8.mp4,1,0,31,31,0,0,0,100
03_15__meeting_serious__DNUJD8M2.mp4,1,0,31,31,0,0,0,100
03_15__meeting_serious__OY4I7ZU8.mp4,1,0,31,31,0,0,0,100
03_15__meeting_serious__Q14RO7M7.mp4,1,0,31,31,0,0,0,100
03_15__outside_talking_pan_laughing__AIOM1U5V.mp4,0,29,2,31,0,100,93.5483871,6.451612903
03_15__outside_talking_pan_laughing__GZNLO4X9.mp4,0,26,5,31,0,100,83.87096774,16.12903226
03_15__outside_talking_pan_laughing__Y11NT1YX.mp4,0,26,5,31,0,100,83.87096774,16.12903226
03_15__outside_talking_still_laughing__DNUJD8M2.mp4,0,28,3,31,0,100,90.32258065,9.677419355
03_15__podium_speech_happy__DG8ITQO3.mp4,1,0,31,31,0,0,0,100
03_15__podium_speech_happy__OY4I7ZU8.mp4,1,0,31,31,0,0,0,100
03_15__secret_conversation__DG8ITQO3.mp4,1,4,15,19,0,0,21.05263158,78.94736842
03_15__talking_angry_couch__5C1OMK8W.mp4,1,0,31,31,0,0,0,100
03_15__walking_and_outside_surprised__OY4I7ZU8.mp4,1,0,31,31,0,0,0,100
03_15__walking_down_indoor_hall_disgust__OY4I7ZU8.mp4,1,0,31,31,0,0,0,100
03_15__walking_outside_cafe_disgusted__Y11NT1YX.mp4,1,15,16,31,0,0,48.38709677,51.61290323
03_15__walk_down_hall_angry__5C1OMK8W.mp4,0,31,0,31,0,100,100,0
03_15__walk_down_hall_angry__T5SHH2UL.mp4,0,31,0,31,0,100,100,0
03_18__exit_phone_room__22UBC0BS.mp4,0,31,0,31,0,100,100,0
03_18__exit_phone_room__32DBR8L4.mp4,0,31,0,31,0,100,100,0
03_18__exit_phone_room__N72YE748.mp4,0,31,0,31,0,100,100,0
03_18__kitchen_pan__22UBC0BS.mp4,1,0,31,31,0,0,0,100
03_18__kitchen_still__22UBC0BS.mp4,1,0,31,31,0,0,0,100
03_18__meeting_serious__N72YE748.mp4,1,0,31,31,0,0,0,100
03_18__outside_talking_pan_laughing__22UBC0BS.mp4,0,29,2,31,0,100,93.5483871,6.451612903
03_18__outside_talking_pan_laughing__32DBR8L4.mp4,0,29,2,31,0,100,93.5483871,6.451612903
03_18__outside_talking_still_laughing__N72YE748.mp4,0,28,3,31,0,100,90.32258065,9.677419355
03_18__podium_speech_happy__22UBC0BS.mp4,1,0,31,31,0,0,0,100
03_18__secret_conversation__32DBR8L4.mp4,1,5,15,20,0,0,25,75
03_18__secret_conversation__N72YE748.mp4,1,5,15,20,0,0,25,75
03_18__talking_angry_couch__22UBC0BS.mp4,1,0,31,31,0,0,0,100
03_18__walking_and_outside_surprised__22UBC0BS.mp4,1,0,31,31,0,0,0,100
03_18__walking_and_outside_surprised__8HNSXOBW.mp4,1,0,31,31,0,0,0,100
03_18__walking_down_indoor_hall_disgust__UEC1BI8E.mp4,1,0,31,31,0,0,0,100
03_18__walking_down_street_outside_angry__22UBC0BS.mp4,1,0,31,31,0,0,0,100
03_18__walking_outside_cafe_disgusted__22UBC0BS.mp4,0,31,0,31,0,100,100,0
03_18__walking_outside_cafe_disgusted__UEC1BI8E.mp4,0,28,3,31,0,100,90.32258065,9.677419355
03_18__walk_down_hall_angry__22UBC0BS.mp4,0,31,0,31,0,100,100,0
03_20__kitchen_still__Z6V05FXO.mp4,1,0,31,31,0,0,0,100
03_20__meeting_serious__61SVZ2J7.mp4,1,0,31,31,0,0,0,100
03_20__outside_talking_pan_laughing__61SVZ2J7.mp4,0,30,1,31,0,100,96.77419355,3.225806452
03_20__secret_conversation__61SVZ2J7.mp4,1,6,25,31,0,0,19.35483871,80.64516129
03_20__talking_against_wall__9NFWR304.mp4,1,0,31,31,0,0,0,100
03_20__talking_angry_couch__61SVZ2J7.mp4,1,0,31,31,0,0,0,100
03_20__talking_angry_couch__9NFWR304.mp4,1,0,31,31,0,0,0,100
03_20__walk_down_hall_angry__61SVZ2J7.mp4,0,31,0,31,0,100,100,0
03_21__exit_phone_room__V53E3RVB.mp4,0,31,0,31,0,100,100,0
03_21__exit_phone_room__YCSEBZO4.mp4,0,31,0,31,0,100,100,0
03_21__hugging_happy__TEV3HIHZ.mp4,1,7,24,31,0,0,22.58064516,77.41935484
03_21__kitchen_pan__YCSEBZO4.mp4,1,0,31,31,0,0,0,100
03_21__kitchen_still__V53E3RVB.mp4,1,0,31,31,0,0,0,100
03_21__kitchen_still__YCSEBZO4.mp4,1,0,31,31,0,0,0,100
03_21__meeting_serious__V53E3RVB.mp4,1,0,31,31,0,0,0,100
03_21__outside_talking_pan_laughing__YCSEBZO4.mp4,0,30,1,31,0,100,96.77419355,3.225806452
03_21__outside_talking_still_laughing__V53E3RVB.mp4,0,29,2,31,0,100,93.5483871,6.451612903
03_21__outside_talking_still_laughing__YCSEBZO4.mp4,0,29,2,31,0,100,93.5483871,6.451612903
03_21__secret_conversation__YCSEBZO4.mp4,1,6,25,31,0,0,19.35483871,80.64516129
03_21__talking_against_wall__YCSEBZO4.mp4,1,0,31,31,0,0,0,100
03_21__walking_down_street_outside_angry__YCSEBZO4.mp4,1,0,31,31,0,0,0,100
03_26__kitchen_pan__WBSXBL82.mp4,1,0,31,31,0,0,0,100
03_26__kitchen_still__WBSXBL82.mp4,1,0,31,31,0,0,0,100
03_26__meeting_serious__WBSXBL82.mp4,1,0,31,31,0,0,0,100
03_26__outside_talking_pan_laughing__WBSXBL82.mp4,0,28,3,31,0,100,90.32258065,9.677419355
03_26__podium_speech_happy__WBSXBL82.mp4,1,0,31,31,0,0,0,100
03_26__talking_against_wall__WBSXBL82.mp4,1,0,31,31,0,0,0,100
03_26__talking_angry_couch__WBSXBL82.mp4,1,0,31,31,0,0,0,100
03_26__walking_outside_cafe_disgusted__WBSXBL82.mp4,1,15,16,31,0,0,48.38709677,51.61290323
03_26__walk_down_hall_angry__WBSXBL82.mp4,0,31,0,31,0,100,100,0
03_27__hugging_happy__72BPN7A1.mp4,1,0,31,31,0,0,0,100
03_27__walking_and_outside_surprised__KWGI1LSZ.mp4,1,0,31,31,0,0,0,100
03_27__walking_down_indoor_hall_disgust__IL675GCI.mp4,1,0,31,31,0,0,0,100
03_27__walk_down_hall_angry__IL675GCI.mp4,0,31,0,31,0,100,100,0
03_27__walk_down_hall_angry__KWGI1LSZ.mp4,0,31,0,31,0,100,100,0
04_01__exit_phone_room__0XUW13RW.mp4,0,31,0,31,0,100,100,0
04_01__kitchen_pan__GBC7ZGDP.mp4,0,27,4,31,0,100,87.09677419,12.90322581
04_01__kitchen_still__6I623VU9.mp4,1,0,31,31,0,0,0,100
04_01__kitchen_still__GBC7ZGDP.mp4,1,0,31,31,0,0,0,100
04_01__outside_talking_still_laughing__0XUW13RW.mp4,1,0,31,31,0,0,0,100
04_01__outside_talking_still_laughing__6I623VU9.mp4,1,0,31,31,0,0,0,100
04_01__podium_speech_happy__0XUW13RW.mp4,0,24,7,31,0,100,77.41935484,22.58064516
04_01__podium_speech_happy__6I623VU9.mp4,0,28,3,31,0,100,90.32258065,9.677419355
04_01__podium_speech_happy__GBC7ZGDP.mp4,0,28,3,31,0,100,90.32258065,9.677419355
04_01__secret_conversation__6I623VU9.mp4,1,2,29,31,0,0,6.451612903,93.5483871
04_01__talking_angry_couch__0XUW13RW.mp4,1,0,31,31,0,0,0,100
04_01__walking_down_street_outside_angry__0XUW13RW.mp4,1,0,31,31,0,0,0,100
04_01__walking_down_street_outside_angry__GBC7ZGDP.mp4,1,0,31,31,0,0,0,100
04_01__walking_outside_cafe_disgusted__0XUW13RW.mp4,0,23,8,31,0,100,74.19354839,25.80645161
04_01__walk_down_hall_angry__0XUW13RW.mp4,0,31,0,31,0,100,100,0
04_01__walk_down_hall_angry__GBC7ZGDP.mp4,0,31,0,31,0,100,100,0
04_02__exit_phone_room__SUIZOXAJ.mp4,0,31,0,31,0,100,100,0
04_02__outside_talking_pan_laughing__8CH7R4LW.mp4,1,0,31,31,0,0,0,100
04_02__outside_talking_still_laughing__8CH7R4LW.mp4,1,0,31,31,0,0,0,100
04_02__podium_speech_happy__8CH7R4LW.mp4,0,27,4,31,0,100,87.09677419,12.90322581
04_02__secret_conversation__8CH7R4LW.mp4,0,16,15,31,0,100,51.61290323,48.38709677
04_02__walk_down_hall_angry__8CH7R4LW.mp4,0,31,0,31,0,100,100,0
04_02__walk_down_hall_angry__SUIZOXAJ.mp4,0,31,0,31,0,100,100,0
04_03__outside_talking_pan_laughing__T04P6ELC.mp4,1,0,31,31,0,0,0,100
04_03__talking_angry_couch__T04P6ELC.mp4,1,0,31,31,0,0,0,100
04_06__kitchen_still__ZK95PQDE.mp4,1,0,31,31,0,0,0,100
04_06__outside_talking_still_laughing__ZK95PQDE.mp4,1,0,31,31,0,0,0,100
04_06__talking_against_wall__ZK95PQDE.mp4,1,0,31,31,0,0,0,100
04_06__walking_outside_cafe_disgusted__ZK95PQDE.mp4,1,11,20,31,0,0,35.48387097,64.51612903
04_07__exit_phone_room__ITC0C48B.mp4,0,31,0,31,0,100,100,0
04_07__exit_phone_room__M2NBCLFR.mp4,0,31,0,31,0,100,100,0
04_07__kitchen_pan__XRK7FGZX.mp4,0,24,7,31,0,100,77.41935484,22.58064516
04_07__kitchen_still__M2NBCLFR.mp4,1,0,31,31,0,0,0,100
04_07__outside_talking_still_laughing__QKCCFKBT.mp4,1,0,31,31,0,0,0,100
04_07__outside_talking_still_laughing__XRK7FGZX.mp4,1,0,31,31,0,0,0,100
04_07__podium_speech_happy__ITC0C48B.mp4,0,25,6,31,0,100,80.64516129,19.35483871
04_07__podium_speech_happy__M2NBCLFR.mp4,0,24,7,31,0,100,77.41935484,22.58064516
04_07__podium_speech_happy__XRK7FGZX.mp4,0,24,7,31,0,100,77.41935484,22.58064516
04_11__exit_phone_room__60BU0X0I.mp4,0,31,0,31,0,100,100,0
04_11__outside_talking_still_laughing__8FD8U22M.mp4,1,0,31,31,0,0,0,100
04_11__outside_talking_still_laughing__JRQWOV1G.mp4,1,0,31,31,0,0,0,100
04_11__walking_outside_cafe_disgusted__8FD8U22M.mp4,1,11,20,31,0,0,35.48387097,64.51612903
04_11__walking_outside_cafe_disgusted__SXI772ZL.mp4,1,10,21,31,0,0,32.25806452,67.74193548
04_12__kitchen_pan__B6YJ9IW1.mp4,0,31,0,31,0,100,100,0
04_12__kitchen_still__B6YJ9IW1.mp4,1,0,31,31,0,0,0,100
04_12__walking_down_street_outside_angry__96TQKDFJ.mp4,1,0,31,31,0,0,0,100
04_12__walking_down_street_outside_angry__B6YJ9IW1.mp4,1,0,31,31,0,0,0,100
04_13__kitchen_pan__00T3UYOR.mp4,0,31,0,31,0,100,100,0
04_13__kitchen_still__00T3UYOR.mp4,1,0,31,31,0,0,0,100
04_13__podium_speech_happy__00T3UYOR.mp4,0,24,7,31,0,100,77.41935484,22.58064516
04_13__secret_conversation__00T3UYOR.mp4,0,18,13,31,0,100,58.06451613,41.93548387
04_13__talking_against_wall__00T3UYOR.mp4,1,0,31,31,0,0,0,100
04_13__talking_angry_couch__00T3UYOR.mp4,1,0,31,31,0,0,0,100
04_13__walking_down_street_outside_angry__00T3UYOR.mp4,1,0,31,31,0,0,0,100
04_13__walking_outside_cafe_disgusted__00T3UYOR.mp4,1,13,18,31,0,0,41.93548387,58.06451613
04_15__kitchen_pan__46TJ9IOJ.mp4,0,28,3,31,0,100,90.32258065,9.677419355
04_15__kitchen_still__46TJ9IOJ.mp4,1,0,31,31,0,0,0,100
04_15__outside_talking_pan_laughing__46TJ9IOJ.mp4,1,0,31,31,0,0,0,100
04_15__outside_talking_pan_laughing__7NW4Z6WZ.mp4,1,0,31,31,0,0,0,100
04_15__secret_conversation__46TJ9IOJ.mp4,0,16,15,31,0,100,51.61290323,48.38709677
04_15__talking_against_wall__46TJ9IOJ.mp4,1,0,31,31,0,0,0,100
04_15__talking_against_wall__7NW4Z6WZ.mp4,1,0,31,31,0,0,0,100
04_15__talking_angry_couch__46TJ9IOJ.mp4,1,0,31,31,0,0,0,100
04_15__walking_down_street_outside_angry__46TJ9IOJ.mp4,1,0,31,31,0,0,0,100
04_15__walking_outside_cafe_disgusted__46TJ9IOJ.mp4,0,18,13,31,0,100,58.06451613,41.93548387
04_15__walk_down_hall_angry__7NW4Z6WZ.mp4,0,31,0,31,0,100,100,0
04_18__exit_phone_room__6J3ZFEJQ.mp4,0,31,0,31,0,100,100,0
04_18__exit_phone_room__NAXINA1N.mp4,0,31,0,31,0,100,100,0
04_18__kitchen_pan__6J3ZFEJQ.mp4,0,31,0,31,0,100,100,0
04_18__kitchen_still__NAXINA1N.mp4,1,0,31,31,0,0,0,100
04_18__secret_conversation__6J3ZFEJQ.mp4,0,16,15,31,0,100,51.61290323,48.38709677
04_18__talking_against_wall__6J3ZFEJQ.mp4,1,0,31,31,0,0,0,100
04_18__talking_angry_couch__6J3ZFEJQ.mp4,1,0,31,31,0,0,0,100
04_18__walking_outside_cafe_disgusted__6J3ZFEJQ.mp4,0,24,7,31,0,100,77.41935484,22.58064516
04_21__kitchen_still__HY1VWEJK.mp4,1,0,31,31,0,0,0,100
04_21__outside_talking_pan_laughing__NRI4PHWP.mp4,1,0,31,31,0,0,0,100
04_21__outside_talking_pan_laughing__PRCQUMY8.mp4,1,0,31,31,0,0,0,100
04_21__outside_talking_still_laughing__5Y31RZP8.mp4,1,0,31,31,0,0,0,100
04_21__secret_conversation__PRCQUMY8.mp4,1,14,17,31,0,0,45.16129032,54.83870968
04_21__talking_against_wall__NRI4PHWP.mp4,1,0,31,31,0,0,0,100
04_21__talking_angry_couch__5Y31RZP8.mp4,1,0,31,31,0,0,0,100
04_21__walking_down_street_outside_angry__5Y31RZP8.mp4,1,0,31,31,0,0,0,100
04_26__exit_phone_room__MS2MLJP1.mp4,0,31,0,31,0,100,100,0
04_26__kitchen_pan__MS2MLJP1.mp4,0,31,0,31,0,100,100,0
04_26__kitchen_pan__WX836VLY.mp4,0,31,0,31,0,100,100,0
04_26__kitchen_still__WX836VLY.mp4,1,0,31,31,0,0,0,100
04_26__outside_talking_pan_laughing__MS2MLJP1.mp4,1,0,31,31,0,0,0,100
04_26__outside_talking_pan_laughing__WX836VLY.mp4,1,0,31,31,0,0,0,100
04_26__outside_talking_still_laughing__WX836VLY.mp4,1,0,31,31,0,0,0,100
04_26__secret_conversation__WX836VLY.mp4,1,11,20,31,0,0,35.48387097,64.51612903
04_26__talking_against_wall__WX836VLY.mp4,1,0,31,31,0,0,0,100
04_26__talking_angry_couch__MS2MLJP1.mp4,1,0,31,31,0,0,0,100
04_26__talking_angry_couch__WX836VLY.mp4,1,0,31,31,0,0,0,100
04_26__walking_down_street_outside_angry__WX836VLY.mp4,1,0,31,31,0,0,0,100
04_26__walking_outside_cafe_disgusted__MS2MLJP1.mp4,0,19,12,31,0,100,61.29032258,38.70967742
04_26__walk_down_hall_angry__WX836VLY.mp4,0,31,0,31,0,100,100,0
04_27__podium_speech_happy__2CCI2ND1.mp4,0,24,7,31,0,100,77.41935484,22.58064516
04_27__walking_outside_cafe_disgusted__2CCI2ND1.mp4,0,16,15,31,0,100,51.61290323,48.38709677
05_08__exit_phone_room__YN1Q9TER.mp4,0,31,0,31,0,100,100,0
05_08__hugging_happy__FBICSP2C.mp4,1,0,31,31,0,0,0,100
05_08__kitchen_pan__BGI70HJ5.mp4,1,0,31,31,0,0,0,100
05_08__kitchen_still__LVIZ2X8P.mp4,1,0,31,31,0,0,0,100
05_08__outside_talking_pan_laughing__FBICSP2C.mp4,1,0,31,31,0,0,0,100
05_08__talking_against_wall__BGI70HJ5.mp4,1,0,31,31,0,0,0,100
05_08__talking_against_wall__PRBCE28Z.mp4,1,0,31,31,0,0,0,100
05_08__walk_down_hall_angry__PRBCE28Z.mp4,0,31,0,31,0,100,100,0
05_08__walk_down_hall_angry__UNN7ZGKO.mp4,0,31,0,31,0,100,100,0
05_16__exit_phone_room__B62WCGUN.mp4,0,31,0,31,0,100,100,0
05_16__hugging_happy__053HPS1G.mp4,1,0,31,31,0,0,0,100
05_16__hugging_happy__4MEM6YNQ.mp4,1,0,31,31,0,0,0,100
05_16__kitchen_pan__94435UY3.mp4,1,0,31,31,0,0,0,100
05_16__kitchen_still__053HPS1G.mp4,1,0,31,31,0,0,0,100
05_16__kitchen_still__B62WCGUN.mp4,1,0,31,31,0,0,0,100
05_16__kitchen_still__O56DDU3S.mp4,1,0,31,31,0,0,0,100
05_16__outside_talking_pan_laughing__053HPS1G.mp4,1,0,31,31,0,0,0,100
05_16__podium_speech_happy__053HPS1G.mp4,0,31,0,31,0,100,100,0
05_16__podium_speech_happy__BY646B4R.mp4,0,31,0,31,0,100,100,0
05_16__podium_speech_happy__SYY41YGX.mp4,0,31,0,31,0,100,100,0
05_16__talking_against_wall__U9WZI5LK.mp4,1,0,31,31,0,0,0,100
05_16__walking_down_street_outside_angry__94435UY3.mp4,1,0,31,31,0,0,0,100
05_16__walking_down_street_outside_angry__OSXCUOHX.mp4,1,0,31,31,0,0,0,100
05_16__walking_outside_cafe_disgusted__053HPS1G.mp4,0,29,2,31,0,100,93.5483871,6.451612903
05_16__walking_outside_cafe_disgusted__94435UY3.mp4,0,25,6,31,0,100,80.64516129,19.35483871
05_16__walking_outside_cafe_disgusted__O56DDU3S.mp4,0,30,1,31,0,100,96.77419355,3.225806452
05_16__walk_down_hall_angry__4MEM6YNQ.mp4,0,29,2,31,0,100,93.5483871,6.451612903
05_16__walk_down_hall_angry__OSXCUOHX.mp4,0,29,2,31,0,100,93.5483871,6.451612903
05_16__walk_down_hall_angry__U9WZI5LK.mp4,0,28,3,31,0,100,90.32258065,9.677419355
05_16__walk_down_hall_angry__V7BK27TX.mp4,0,27,4,31,0,100,87.09677419,12.90322581
05_17__hugging_happy__C4VHXZFY.mp4,1,0,31,31,0,0,0,100
05_17__hugging_happy__YTJYYDO9.mp4,1,0,31,31,0,0,0,100
05_17__kitchen_pan__M3H96PDQ.mp4,1,0,31,31,0,0,0,100
05_17__talking_against_wall__M3H96PDQ.mp4,1,0,31,31,0,0,0,100
05_17__talking_against_wall__YTJYYDO9.mp4,1,0,31,31,0,0,0,100
05_17__walking_down_street_outside_angry__M3H96PDQ.mp4,1,0,31,31,0,0,0,100
05_17__walking_outside_cafe_disgusted__C4VHXZFY.mp4,0,25,6,31,0,100,80.64516129,19.35483871
05_17__walk_down_hall_angry__YTJYYDO9.mp4,0,31,0,31,0,100,100,0
05_28__exit_phone_room__U9LRLJ6N.mp4,0,31,0,31,0,100,100,0
05_28__hugging_happy__VR9127O1.mp4,1,0,31,31,0,0,0,100
05_28__kitchen_pan__V20UNLJ5.mp4,1,0,31,31,0,0,0,100
05_28__kitchen_still__W3J028UG.mp4,1,0,31,31,0,0,0,100
05_28__podium_speech_happy__2DK5X0Y0.mp4,0,31,0,31,0,100,100,0
05_28__walking_down_street_outside_angry__U9LRLJ6N.mp4,1,0,31,31,0,0,0,100
05_28__walking_down_street_outside_angry__V20UNLJ5.mp4,1,0,31,31,0,0,0,100
05_28__walking_outside_cafe_disgusted__2DK5X0Y0.mp4,0,29,2,31,0,100,93.5483871,6.451612903
05_28__walking_outside_cafe_disgusted__U9LRLJ6N.mp4,0,30,1,31,0,100,96.77419355,3.225806452
06_02__exit_phone_room__3J3BHSHI.mp4,0,30,1,31,0,100,96.77419355,3.225806452
06_02__exit_phone_room__J1W9R0NG.mp4,0,30,1,31,0,100,96.77419355,3.225806452
06_02__exit_phone_room__SU4OQCS9.mp4,0,31,0,31,0,100,100,0
06_02__kitchen_pan__O9WOC1KJ.mp4,1,11,20,31,0,0,35.48387097,64.51612903
06_02__outside_talking_still_laughing__HZAXM70B.mp4,0,31,0,31,0,100,100,0
06_02__podium_speech_happy__N8OSN8P6.mp4,1,0,31,31,0,0,0,100
06_02__talking_against_wall__GH8TGTBS.mp4,0,17,14,31,0,100,54.83870968,45.16129032
06_02__talking_against_wall__MKZTXQ2T.mp4,0,31,0,31,0,100,100,0
06_02__talking_against_wall__SU4OQCS9.mp4,1,4,27,31,0,0,12.90322581,87.09677419
06_02__talking_angry_couch__J1W9R0NG.mp4,1,0,31,31,0,0,0,100
06_02__talking_angry_couch__U6MDWIHG.mp4,1,0,31,31,0,0,0,100
06_02__walking_and_outside_surprised__MKZTXQ2T.mp4,1,0,31,31,0,0,0,100
06_02__walking_and_outside_surprised__O9WOC1KJ.mp4,1,0,31,31,0,0,0,100
06_02__walking_down_indoor_hall_disgust__GH8TGTBS.mp4,1,0,31,31,0,0,0,100
06_02__walking_down_indoor_hall_disgust__U6MDWIHG.mp4,1,0,31,31,0,0,0,100
06_02__walking_down_street_outside_angry__0M6JNS5D.mp4,1,0,31,31,0,0,0,100
06_02__walking_down_street_outside_angry__37DH75GQ.mp4,1,0,31,31,0,0,0,100
06_02__walk_down_hall_angry__37DH75GQ.mp4,0,31,0,31,0,100,100,0
06_03__exit_phone_room__1IXGY2FK.mp4,0,30,1,31,0,100,96.77419355,3.225806452
06_03__hugging_happy__1IXGY2FK.mp4,1,1,30,31,0,0,3.225806452,96.77419355
06_03__hugging_happy__4I8LRXWF.mp4,1,0,31,31,0,0,0,100
06_03__kitchen_pan__1IXGY2FK.mp4,1,12,19,31,0,0,38.70967742,61.29032258
06_03__kitchen_pan__2XWC5JED.mp4,1,12,19,31,0,0,38.70967742,61.29032258
06_03__kitchen_pan__KIWCEATU.mp4,1,12,19,31,0,0,38.70967742,61.29032258
06_03__kitchen_still__1IXGY2FK.mp4,1,0,31,31,0,0,0,100
06_03__outside_talking_still_laughing__ZFRX9RKW.mp4,0,31,0,31,0,100,100,0
06_03__podium_speech_happy__1IXGY2FK.mp4,1,0,31,31,0,0,0,100
06_03__talking_against_wall__1IXGY2FK.mp4,0,22,9,31,0,100,70.96774194,29.03225806
06_03__talking_against_wall__4I8LRXWF.mp4,0,23,8,31,0,100,74.19354839,25.80645161
06_03__talking_angry_couch__83ABVHC3.mp4,1,0,31,31,0,0,0,100
06_03__walking_down_indoor_hall_disgust__1IXGY2FK.mp4,1,0,31,31,0,0,0,100
06_03__walking_down_indoor_hall_disgust__KIWCEATU.mp4,1,0,31,31,0,0,0,100
06_03__walking_down_indoor_hall_disgust__OPTNKNYK.mp4,1,0,31,31,0,0,0,100
06_03__walking_down_street_outside_angry__1IXGY2FK.mp4,1,0,31,31,0,0,0,100
06_03__walk_down_hall_angry__1IXGY2FK.mp4,0,31,0,31,0,100,100,0
06_04__kitchen_still__ZK95PQDE.mp4,1,2,29,31,0,0,6.451612903,93.5483871
06_04__outside_talking_still_laughing__ZK95PQDE.mp4,0,31,0,31,0,100,100,0
06_04__talking_against_wall__ZK95PQDE.mp4,0,28,3,31,0,100,90.32258065,9.677419355
06_04__walking_down_indoor_hall_disgust__ZK95PQDE.mp4,1,0,31,31,0,0,0,100
06_04__walking_outside_cafe_disgusted__ZK95PQDE.mp4,0,31,0,31,0,100,100,0
06_07__exit_phone_room__NMGYPBXE.mp4,0,31,0,31,0,100,100,0
06_07__kitchen_pan__NMGYPBXE.mp4,1,11,20,31,0,0,35.48387097,64.51612903
06_07__outside_talking_pan_laughing__NMGYPBXE.mp4,0,30,1,31,0,100,96.77419355,3.225806452
06_07__outside_talking_still_laughing__NMGYPBXE.mp4,0,31,0,31,0,100,100,0
06_07__podium_speech_happy__NMGYPBXE.mp4,1,0,31,31,0,0,0,100
06_07__talking_against_wall__NMGYPBXE.mp4,0,28,3,31,0,100,90.32258065,9.677419355
06_07__walking_down_street_outside_angry__NMGYPBXE.mp4,1,0,31,31,0,0,0,100
06_07__walking_outside_cafe_disgusted__NMGYPBXE.mp4,0,27,4,31,0,100,87.09677419,12.90322581
06_11__exit_phone_room__C8C4FW99.mp4,0,29,2,31,0,100,93.5483871,6.451612903
06_11__hugging_happy__C8C4FW99.mp4,1,1,30,31,0,0,3.225806452,96.77419355
06_11__kitchen_still__C8C4FW99.mp4,1,1,30,31,0,0,3.225806452,96.77419355
06_11__outside_talking_pan_laughing__C8C4FW99.mp4,0,31,0,31,0,100,100,0
06_11__outside_talking_pan_laughing__MX659QU8.mp4,0,30,1,31,0,100,96.77419355,3.225806452
06_11__outside_talking_still_laughing__C8C4FW99.mp4,0,31,0,31,0,100,100,0
06_11__outside_talking_still_laughing__MX659QU8.mp4,0,31,0,31,0,100,100,0
06_11__talking_against_wall__C8C4FW99.mp4,0,31,0,31,0,100,100,0
06_11__walking_and_outside_surprised__C8C4FW99.mp4,1,0,31,31,0,0,0,100
06_11__walking_outside_cafe_disgusted__MX659QU8.mp4,0,31,0,31,0,100,100,0
06_12__hugging_happy__3K21NFNM.mp4,1,0,31,31,0,0,0,100
06_12__hugging_happy__F3I4PDYF.mp4,1,0,31,31,0,0,0,100
06_12__outside_talking_pan_laughing__0VR4Y891.mp4,0,30,1,31,0,100,96.77419355,3.225806452
06_12__outside_talking_pan_laughing__3K21NFNM.mp4,0,30,1,31,0,100,96.77419355,3.225806452
06_12__outside_talking_still_laughing__3K21NFNM.mp4,0,31,0,31,0,100,100,0
06_12__podium_speech_happy__0VR4Y891.mp4,1,0,31,31,0,0,0,100
06_12__podium_speech_happy__3K21NFNM.mp4,1,0,31,31,0,0,0,100
06_12__talking_against_wall__0VR4Y891.mp4,0,31,0,31,0,100,100,0
06_12__talking_against_wall__3K21NFNM.mp4,0,23,8,31,0,100,74.19354839,25.80645161
06_12__walking_and_outside_surprised__3K21NFNM.mp4,1,0,31,31,0,0,0,100
06_12__walking_down_indoor_hall_disgust__3K21NFNM.mp4,1,0,31,31,0,0,0,100
06_12__walking_down_street_outside_angry__3K21NFNM.mp4,1,0,31,31,0,0,0,100
06_12__walk_down_hall_angry__3K21NFNM.mp4,0,31,0,31,0,100,100,0
06_14__hugging_happy__8U9ULZDT.mp4,1,0,31,31,0,0,0,100
06_14__kitchen_still__8U9ULZDT.mp4,1,0,31,31,0,0,0,100
06_14__outside_talking_pan_laughing__8U9ULZDT.mp4,0,31,0,31,0,100,100,0
06_14__outside_talking_still_laughing__8U9ULZDT.mp4,0,31,0,31,0,100,100,0
06_14__podium_speech_happy__8U9ULZDT.mp4,1,0,31,31,0,0,0,100
06_14__talking_angry_couch__8U9ULZDT.mp4,1,0,31,31,0,0,0,100
06_14__walking_and_outside_surprised__8U9ULZDT.mp4,1,0,31,31,0,0,0,100
06_14__walking_down_indoor_hall_disgust__8U9ULZDT.mp4,1,0,31,31,0,0,0,100
06_15__exit_phone_room__QRCD27P8.mp4,0,31,0,31,0,100,100,0
06_15__hugging_happy__QRCD27P8.mp4,1,1,30,31,0,0,3.225806452,96.77419355
06_15__kitchen_pan__E98QYYXO.mp4,1,11,20,31,0,0,35.48387097,64.51612903
06_15__kitchen_pan__QRCD27P8.mp4,1,11,20,31,0,0,35.48387097,64.51612903
06_15__kitchen_still__QRCD27P8.mp4,1,0,31,31,0,0,0,100
06_15__outside_talking_pan_laughing__QRCD27P8.mp4,0,31,0,31,0,100,100,0
06_15__outside_talking_still_laughing__E98QYYXO.mp4,0,31,0,31,0,100,100,0
06_15__outside_talking_still_laughing__QRCD27P8.mp4,0,31,0,31,0,100,100,0
06_15__podium_speech_happy__QRCD27P8.mp4,1,0,31,31,0,0,0,100
06_15__talking_against_wall__QRCD27P8.mp4,0,23,8,31,0,100,74.19354839,25.80645161
06_15__walking_and_outside_surprised__QRCD27P8.mp4,1,0,31,31,0,0,0,100
06_15__walking_down_indoor_hall_disgust__QRCD27P8.mp4,1,0,31,31,0,0,0,100
06_15__walking_down_street_outside_angry__YDX3GHFS.mp4,1,0,31,31,0,0,0,100
06_15__walking_outside_cafe_disgusted__QRCD27P8.mp4,0,27,4,31,0,100,87.09677419,12.90322581
06_18__exit_phone_room__H9445M6R.mp4,0,30,1,31,0,100,96.77419355,3.225806452
06_18__exit_phone_room__XJ76YU5A.mp4,0,31,0,31,0,100,100,0
06_18__kitchen_pan__5HNHMK6G.mp4,1,11,20,31,0,0,35.48387097,64.51612903
06_18__kitchen_pan__LH0KWJKM.mp4,1,11,20,31,0,0,35.48387097,64.51612903
06_18__kitchen_pan__XJ76YU5A.mp4,1,10,21,31,0,0,32.25806452,67.74193548
06_18__kitchen_still__XJ76YU5A.mp4,1,0,31,31,0,0,0,100
06_18__outside_talking_pan_laughing__DEA1TCLN.mp4,0,31,0,31,0,100,100,0
06_18__outside_talking_pan_laughing__MVXBDKGB.mp4,0,31,0,31,0,100,100,0
06_18__outside_talking_pan_laughing__UIQG2RF4.mp4,0,30,1,31,0,100,96.77419355,3.225806452
06_18__outside_talking_still_laughing__DEA1TCLN.mp4,0,31,0,31,0,100,100,0
06_18__outside_talking_still_laughing__M36D0OJT.mp4,0,31,0,31,0,100,100,0
06_18__podium_speech_happy__5HNHMK6G.mp4,1,0,31,31,0,0,0,100
06_18__podium_speech_happy__DEA1TCLN.mp4,1,0,31,31,0,0,0,100
06_18__talking_against_wall__DEA1TCLN.mp4,0,23,8,31,0,100,74.19354839,25.80645161
06_18__talking_angry_couch__DEA1TCLN.mp4,1,0,31,31,0,0,0,100
06_18__talking_angry_couch__H9445M6R.mp4,1,0,31,31,0,0,0,100
06_18__walking_and_outside_surprised__MVXBDKGB.mp4,1,0,31,31,0,0,0,100
06_18__walking_down_indoor_hall_disgust__DEA1TCLN.mp4,1,0,31,31,0,0,0,100
06_18__walking_down_street_outside_angry__MVXBDKGB.mp4,1,0,31,31,0,0,0,100
06_18__walking_outside_cafe_disgusted__DEA1TCLN.mp4,0,31,0,31,0,100,100,0
06_18__walking_outside_cafe_disgusted__OWJY9LQU.mp4,0,28,3,31,0,100,90.32258065,9.677419355
06_18__walking_outside_cafe_disgusted__S7S2XGDP.mp4,0,29,2,31,0,100,93.5483871,6.451612903
06_18__walk_down_hall_angry__LH0KWJKM.mp4,0,31,0,31,0,100,100,0
06_18__walk_down_hall_angry__OWJY9LQU.mp4,0,31,0,31,0,100,100,0
06_20__hugging_happy__6SUW7063.mp4,1,0,31,31,0,0,0,100
06_20__kitchen_pan__6SUW7063.mp4,1,12,19,31,0,0,38.70967742,61.29032258
06_20__outside_talking_pan_laughing__6SUW7063.mp4,0,31,0,31,0,100,100,0
06_20__podium_speech_happy__6SUW7063.mp4,1,0,31,31,0,0,0,100
06_20__walk_down_hall_angry__6SUW7063.mp4,0,31,0,31,0,100,100,0
06_21__walking_and_outside_surprised__058I9NIZ.mp4,1,0,31,31,0,0,0,100
06_25__exit_phone_room__MI9BDQ7M.mp4,0,30,1,31,0,100,96.77419355,3.225806452
06_25__outside_talking_pan_laughing__3QQBVBYN.mp4,0,31,0,31,0,100,100,0
06_25__outside_talking_pan_laughing__MI9BDQ7M.mp4,0,31,0,31,0,100,100,0
06_25__outside_talking_still_laughing__3QQBVBYN.mp4,0,31,0,31,0,100,100,0
06_25__outside_talking_still_laughing__MI9BDQ7M.mp4,0,31,0,31,0,100,100,0
06_25__talking_angry_couch__MI9BDQ7M.mp4,1,0,31,31,0,0,0,100
06_25__walking_and_outside_surprised__3QQBVBYN.mp4,1,0,31,31,0,0,0,100
06_25__walking_and_outside_surprised__MI9BDQ7M.mp4,1,0,31,31,0,0,0,100
06_25__walk_down_hall_angry__3QQBVBYN.mp4,0,31,0,31,0,100,100,0
06_26__kitchen_pan__L5BVR5L9.mp4,1,11,20,31,0,0,35.48387097,64.51612903
06_26__kitchen_still__L5BVR5L9.mp4,1,0,31,31,0,0,0,100
06_26__outside_talking_still_laughing__L5BVR5L9.mp4,0,31,0,31,0,100,100,0
06_26__podium_speech_happy__L5BVR5L9.mp4,1,0,31,31,0,0,0,100
06_26__talking_against_wall__L5BVR5L9.mp4,0,24,7,31,0,100,77.41935484,22.58064516
06_26__talking_angry_couch__L5BVR5L9.mp4,1,0,31,31,0,0,0,100
06_26__walking_down_street_outside_angry__L5BVR5L9.mp4,1,0,31,31,0,0,0,100
06_26__walking_outside_cafe_disgusted__L5BVR5L9.mp4,0,27,4,31,0,100,87.09677419,12.90322581
06_26__walk_down_hall_angry__L5BVR5L9.mp4,0,31,0,31,0,100,100,0
06_27__hugging_happy__S3T7SK9O.mp4,1,1,30,31,0,0,3.225806452,96.77419355
06_27__outside_talking_pan_laughing__O7L5Z9U8.mp4,0,31,0,31,0,100,100,0
06_27__outside_talking_still_laughing__SZWVBWY4.mp4,0,31,0,31,0,100,100,0
06_27__talking_against_wall__S3T7SK9O.mp4,1,4,27,31,0,0,12.90322581,87.09677419
06_27__talking_angry_couch__JOG5PB18.mp4,1,0,31,31,0,0,0,100
06_27__walking_and_outside_surprised__O7L5Z9U8.mp4,1,0,31,31,0,0,0,100
06_27__walking_and_outside_surprised__SZWVBWY4.mp4,1,0,31,31,0,0,0,100
06_27__walking_and_outside_surprised__VN14WY2N.mp4,1,0,31,31,0,0,0,100
06_27__walking_down_street_outside_angry__S3T7SK9O.mp4,1,0,31,31,0,0,0,100
06_27__walking_outside_cafe_disgusted__S3T7SK9O.mp4,0,26,5,31,0,100,83.87096774,16.12903226
06_27__walking_outside_cafe_disgusted__VN14WY2N.mp4,0,30,1,31,0,100,96.77419355,3.225806452
06_27__walk_down_hall_angry__S3T7SK9O.mp4,0,31,0,31,0,100,100,0
07_02__exit_phone_room__1JCLEEBQ.mp4,0,31,0,31,0,100,100,0
07_02__exit_phone_room__1KPVZAAP.mp4,0,28,3,31,0,100,90.32258065,9.677419355
07_02__exit_phone_room__9NVRE2KQ.mp4,0,31,0,31,0,100,100,0
07_02__hugging_happy__1JCLEEBQ.mp4,1,0,31,31,0,0,0,100
07_02__hugging_happy__O4SXNLRL.mp4,1,0,31,31,0,0,0,100
07_02__kitchen_pan__34PVT42V.mp4,1,0,31,31,0,0,0,100
07_02__kitchen_pan__O4SXNLRL.mp4,1,0,31,31,0,0,0,100
07_02__kitchen_still__1ZE4HC06.mp4,0,31,0,31,0,100,100,0
07_02__outside_talking_pan_laughing__0IYV5DQ5.mp4,1,3,28,31,0,0,9.677419355,90.32258065
07_02__outside_talking_pan_laughing__1ZE4HC06.mp4,1,3,28,31,0,0,9.677419355,90.32258065
07_02__outside_talking_pan_laughing__O4SXNLRL.mp4,1,4,27,31,0,0,12.90322581,87.09677419
07_02__outside_talking_still_laughing__1ZE4HC06.mp4,1,0,31,31,0,0,0,100
07_02__secret_conversation__1JCLEEBQ.mp4,1,3,28,31,0,0,9.677419355,90.32258065
07_02__secret_conversation__U7DEOZNV.mp4,1,3,28,31,0,0,9.677419355,90.32258065
07_02__talking_against_wall__34PVT42V.mp4,1,10,21,31,0,0,32.25806452,67.74193548
07_02__talking_against_wall__O4SXNLRL.mp4,1,13,18,31,0,0,41.93548387,58.06451613
07_02__talking_against_wall__U7DEOZNV.mp4,1,13,18,31,0,0,41.93548387,58.06451613
07_02__talking_angry_couch__1H07DFQJ.mp4,1,0,31,31,0,0,0,100
07_02__talking_angry_couch__1VMZUH1W.mp4,1,0,31,31,0,0,0,100
07_02__walking_down_street_outside_angry__O4SXNLRL.mp4,1,0,31,31,0,0,0,100
07_02__walking_down_street_outside_angry__UH60ROEK.mp4,1,0,31,31,0,0,0,100
07_02__walking_outside_cafe_disgusted__1H07DFQJ.mp4,0,29,2,31,0,100,93.5483871,6.451612903
07_02__walk_down_hall_angry__1JCLEEBQ.mp4,0,31,0,31,0,100,100,0
07_02__walk_down_hall_angry__O4SXNLRL.mp4,0,31,0,31,0,100,100,0
07_02__walk_down_hall_angry__U7DEOZNV.mp4,0,31,0,31,0,100,100,0
07_03__exit_phone_room__6PHZRQ4H.mp4,0,31,0,31,0,100,100,0
07_03__exit_phone_room__WPT3Z2KN.mp4,0,27,4,31,0,100,87.09677419,12.90322581
07_03__hugging_happy__7NGMD8FT.mp4,1,0,31,31,0,0,0,100
07_03__hugging_happy__BKLOCI1M.mp4,1,0,31,31,0,0,0,100
07_03__hugging_happy__IFSURI9X.mp4,1,0,31,31,0,0,0,100
07_03__hugging_happy__W3MXGEU9.mp4,1,0,31,31,0,0,0,100
07_03__hugging_happy__WPT3Z2KN.mp4,1,0,31,31,0,0,0,100
07_03__kitchen_pan__PWXXULHR.mp4,1,2,29,31,0,0,6.451612903,93.5483871
07_03__kitchen_pan__WPT3Z2KN.mp4,1,4,27,31,0,0,12.90322581,87.09677419
07_03__kitchen_still__BKLOCI1M.mp4,0,31,0,31,0,100,100,0
07_03__kitchen_still__WPT3Z2KN.mp4,0,31,0,31,0,100,100,0
07_03__outside_talking_pan_laughing__6PHZRQ4H.mp4,1,3,28,31,0,0,9.677419355,90.32258065
07_03__outside_talking_pan_laughing__IFSURI9X.mp4,1,3,28,31,0,0,9.677419355,90.32258065
07_03__outside_talking_still_laughing__7NGMD8FT.mp4,1,0,31,31,0,0,0,100
07_03__outside_talking_still_laughing__F0YYEA5W.mp4,1,0,31,31,0,0,0,100
07_03__outside_talking_still_laughing__IFSURI9X.mp4,1,0,31,31,0,0,0,100
07_03__podium_speech_happy__6PHZRQ4H.mp4,1,0,31,31,0,0,0,100
07_03__podium_speech_happy__CDSNLDQ8.mp4,1,0,31,31,0,0,0,100
07_03__podium_speech_happy__IFSURI9X.mp4,1,0,31,31,0,0,0,100
07_03__secret_conversation__IFSURI9X.mp4,1,2,29,31,0,0,6.451612903,93.5483871
07_03__talking_against_wall__9NVYPOMN.mp4,1,9,22,31,0,0,29.03225806,70.96774194
07_03__talking_against_wall__IFSURI9X.mp4,1,4,27,31,0,0,12.90322581,87.09677419
07_03__talking_against_wall__PWXXULHR.mp4,1,6,25,31,0,0,19.35483871,80.64516129
07_03__talking_against_wall__WPT3Z2KN.mp4,1,5,26,31,0,0,16.12903226,83.87096774
07_03__talking_angry_couch__WPT3Z2KN.mp4,1,0,31,31,0,0,0,100
07_03__walking_down_street_outside_angry__CDSNLDQ8.mp4,1,0,31,31,0,0,0,100
07_03__walking_down_street_outside_angry__PWXXULHR.mp4,1,0,31,31,0,0,0,100
07_03__walking_outside_cafe_disgusted__6PHZRQ4H.mp4,0,19,12,31,0,100,61.29032258,38.70967742
07_03__walking_outside_cafe_disgusted__F0YYEA5W.mp4,0,31,0,31,0,100,100,0
07_03__walking_outside_cafe_disgusted__IFSURI9X.mp4,0,21,10,31,0,100,67.74193548,32.25806452
07_03__walking_outside_cafe_disgusted__WPT3Z2KN.mp4,0,29,2,31,0,100,93.5483871,6.451612903
07_03__walk_down_hall_angry__6PHZRQ4H.mp4,0,31,0,31,0,100,100,0
07_03__walk_down_hall_angry__IFSURI9X.mp4,0,31,0,31,0,100,100,0
07_03__walk_down_hall_angry__W3MXGEU9.mp4,0,31,0,31,0,100,100,0
07_04__exit_phone_room__QKCCFKBT.mp4,0,28,3,31,0,100,90.32258065,9.677419355
07_04__hugging_happy__ITC0C48B.mp4,1,0,31,31,0,0,0,100
07_04__hugging_happy__QKCCFKBT.mp4,1,0,31,31,0,0,0,100
07_04__kitchen_pan__M2NBCLFR.mp4,1,5,26,31,0,0,16.12903226,83.87096774
07_04__kitchen_pan__XRK7FGZX.mp4,1,1,30,31,0,0,3.225806452,96.77419355
07_04__kitchen_still__ITC0C48B.mp4,0,31,0,31,0,100,100,0
07_04__kitchen_still__M2NBCLFR.mp4,0,31,0,31,0,100,100,0
07_04__outside_talking_still_laughing__XRK7FGZX.mp4,1,0,31,31,0,0,0,100
07_06__exit_phone_room__NMGYPBXE.mp4,0,31,0,31,0,100,100,0
07_06__kitchen_pan__NMGYPBXE.mp4,1,1,30,31,0,0,3.225806452,96.77419355
07_06__outside_talking_pan_laughing__NMGYPBXE.mp4,1,2,29,31,0,0,6.451612903,93.5483871
07_06__outside_talking_still_laughing__NMGYPBXE.mp4,1,0,31,31,0,0,0,100
07_06__podium_speech_happy__NMGYPBXE.mp4,1,0,31,31,0,0,0,100
07_06__talking_against_wall__NMGYPBXE.mp4,1,8,23,31,0,0,25.80645161,74.19354839
07_06__walking_down_street_outside_angry__NMGYPBXE.mp4,1,0,31,31,0,0,0,100
07_06__walking_outside_cafe_disgusted__NMGYPBXE.mp4,0,19,12,31,0,100,61.29032258,38.70967742
07_09__hugging_happy__N9CWME71.mp4,1,0,31,31,0,0,0,100
07_09__kitchen_pan__N9CWME71.mp4,1,0,31,31,0,0,0,100
07_09__kitchen_still__N9CWME71.mp4,0,31,0,31,0,100,100,0
07_09__outside_talking_pan_laughing__N9CWME71.mp4,1,3,28,31,0,0,9.677419355,90.32258065
07_09__outside_talking_still_laughing__N9CWME71.mp4,1,0,31,31,0,0,0,100
07_09__secret_conversation__N9CWME71.mp4,1,3,28,31,0,0,9.677419355,90.32258065
07_09__walking_outside_cafe_disgusted__N9CWME71.mp4,0,18,13,31,0,100,58.06451613,41.93548387
07_09__walk_down_hall_angry__N9CWME71.mp4,0,31,0,31,0,100,100,0
07_11__exit_phone_room__PGC20QSY.mp4,0,31,0,31,0,100,100,0
07_11__hugging_happy__R7R86Z62.mp4,1,0,31,31,0,0,0,100
07_11__podium_speech_happy__PGC20QSY.mp4,1,0,31,31,0,0,0,100
07_11__talking_angry_couch__PGC20QSY.mp4,1,0,31,31,0,0,0,100
07_12__hugging_happy__X9X7FAZG.mp4,1,0,31,31,0,0,0,100
07_12__kitchen_pan__88BSFG9O.mp4,1,10,21,31,0,0,32.25806452,67.74193548
07_12__outside_talking_pan_laughing__0VN0A2T3.mp4,1,1,30,31,0,0,3.225806452,96.77419355
07_12__outside_talking_pan_laughing__KAG65PEE.mp4,1,2,29,31,0,0,6.451612903,93.5483871
07_12__outside_talking_still_laughing__0VN0A2T3.mp4,1,0,31,31,0,0,0,100
07_12__outside_talking_still_laughing__KAG65PEE.mp4,1,0,31,31,0,0,0,100
07_12__podium_speech_happy__KAG65PEE.mp4,1,0,31,31,0,0,0,100
07_12__podium_speech_happy__X9X7FAZG.mp4,1,0,31,31,0,0,0,100
07_12__secret_conversation__1MSOAVLL.mp4,1,1,30,31,0,0,3.225806452,96.77419355
07_12__talking_against_wall__0VN0A2T3.mp4,1,15,16,31,0,0,48.38709677,51.61290323
07_12__talking_angry_couch__88BSFG9O.mp4,1,0,31,31,0,0,0,100
07_12__walking_down_street_outside_angry__0VN0A2T3.mp4,1,0,31,31,0,0,0,100
07_12__walking_down_street_outside_angry__1MSOAVLL.mp4,1,0,31,31,0,0,0,100
07_12__walking_outside_cafe_disgusted__KAG65PEE.mp4,0,29,2,31,0,100,93.5483871,6.451612903
07_12__walk_down_hall_angry__KAG65PEE.mp4,0,31,0,31,0,100,100,0
07_13__exit_phone_room__RVQCPCJF.mp4,0,31,0,31,0,100,100,0
07_13__secret_conversation__RVQCPCJF.mp4,1,0,31,31,0,0,0,100
07_13__walking_down_street_outside_angry__RVQCPCJF.mp4,1,0,31,31,0,0,0,100
07_13__walking_outside_cafe_disgusted__RVQCPCJF.mp4,0,22,9,31,0,100,70.96774194,29.03225806
07_14__exit_phone_room__P9QFO50U.mp4,0,31,0,31,0,100,100,0
07_14__hugging_happy__P9QFO50U.mp4,1,0,31,31,0,0,0,100
07_14__hugging_happy__VOX29AK0.mp4,1,0,31,31,0,0,0,100
07_14__outside_talking_pan_laughing__P9QFO50U.mp4,1,2,29,31,0,0,6.451612903,93.5483871
07_14__outside_talking_still_laughing__P9QFO50U.mp4,1,0,31,31,0,0,0,100
07_14__podium_speech_happy__P9QFO50U.mp4,1,0,31,31,0,0,0,100
07_14__podium_speech_happy__VOX29AK0.mp4,1,0,31,31,0,0,0,100
07_14__secret_conversation__P9QFO50U.mp4,1,3,28,31,0,0,9.677419355,90.32258065
07_14__talking_against_wall__P9QFO50U.mp4,1,7,24,31,0,0,22.58064516,77.41935484
07_14__walking_down_street_outside_angry__VOX29AK0.mp4,1,0,31,31,0,0,0,100
07_14__walk_down_hall_angry__P9QFO50U.mp4,0,31,0,31,0,100,100,0
07_15__hugging_happy__9Z2MLKVX.mp4,1,0,31,31,0,0,0,100
07_15__kitchen_still__9Z2MLKVX.mp4,0,31,0,31,0,100,100,0
07_15__outside_talking_pan_laughing__UGGRZJ60.mp4,1,1,30,31,0,0,3.225806452,96.77419355
07_15__outside_talking_still_laughing__KM6M2TBT.mp4,1,0,31,31,0,0,0,100
07_15__talking_angry_couch__8MEZ98NR.mp4,1,0,31,31,0,0,0,100
07_15__walking_down_street_outside_angry__NYPO7U50.mp4,1,0,31,31,0,0,0,100
07_15__walk_down_hall_angry__9Z2MLKVX.mp4,0,31,0,31,0,100,100,0
07_15__walk_down_hall_angry__KM6M2TBT.mp4,0,31,0,31,0,100,100,0
07_15__walk_down_hall_angry__NYPO7U50.mp4,0,31,0,31,0,100,100,0
07_20__outside_talking_pan_laughing__5VT4USF9.mp4,1,3,28,31,0,0,9.677419355,90.32258065
07_20__outside_talking_pan_laughing__KV6Q7D6C.mp4,1,1,30,31,0,0,3.225806452,96.77419355
07_20__talking_against_wall__KV6Q7D6C.mp4,1,14,17,31,0,0,45.16129032,54.83870968
07_20__walk_down_hall_angry__KV6Q7D6C.mp4,0,31,0,31,0,100,100,0
07_21__exit_phone_room__K7KXUHMU.mp4,0,31,0,31,0,100,100,0
07_21__exit_phone_room__MKU99DVX.mp4,0,31,0,31,0,100,100,0
07_21__hugging_happy__CRGVSDBI.mp4,1,0,31,31,0,0,0,100
07_21__kitchen_pan__K7KXUHMU.mp4,1,0,31,31,0,0,0,100
07_21__kitchen_still__K7KXUHMU.mp4,0,31,0,31,0,100,100,0
07_21__kitchen_still__MKU99DVX.mp4,0,31,0,31,0,100,100,0
07_21__outside_talking_still_laughing__K7KXUHMU.mp4,1,0,31,31,0,0,0,100
07_21__secret_conversation__CRGVSDBI.mp4,1,0,31,31,0,0,0,100
07_21__secret_conversation__MKU99DVX.mp4,1,1,30,31,0,0,3.225806452,96.77419355
07_21__talking_against_wall__CRGVSDBI.mp4,1,13,18,31,0,0,41.93548387,58.06451613
07_21__talking_against_wall__MKU99DVX.mp4,1,10,21,31,0,0,32.25806452,67.74193548
07_21__talking_angry_couch__MKU99DVX.mp4,1,0,31,31,0,0,0,100
07_21__walking_down_street_outside_angry__K7KXUHMU.mp4,1,0,31,31,0,0,0,100
07_21__walking_down_street_outside_angry__MKU99DVX.mp4,1,0,31,31,0,0,0,100
07_25__exit_phone_room__IKMKYKPG.mp4,0,31,0,31,0,100,100,0
07_25__hugging_happy__IKMKYKPG.mp4,1,0,31,31,0,0,0,100
07_25__outside_talking_pan_laughing__IKMKYKPG.mp4,1,1,30,31,0,0,3.225806452,96.77419355
07_25__talking_angry_couch__LZYKF7LK.mp4,1,0,31,31,0,0,0,100
07_25__walking_down_street_outside_angry__IKMKYKPG.mp4,1,0,31,31,0,0,0,100
07_25__walking_outside_cafe_disgusted__PAE9HCA8.mp4,0,27,4,31,0,100,87.09677419,12.90322581
07_25__walk_down_hall_angry__PAE9HCA8.mp4,0,31,0,31,0,100,100,0
07_26__exit_phone_room__FGNGC2GT.mp4,0,31,0,31,0,100,100,0
07_26__kitchen_pan__FGNGC2GT.mp4,1,4,27,31,0,0,12.90322581,87.09677419
07_26__kitchen_still__FGNGC2GT.mp4,0,31,0,31,0,100,100,0
07_26__outside_talking_pan_laughing__FGNGC2GT.mp4,1,4,27,31,0,0,12.90322581,87.09677419
07_26__outside_talking_still_laughing__FGNGC2GT.mp4,1,0,31,31,0,0,0,100
07_26__podium_speech_happy__FGNGC2GT.mp4,1,0,31,31,0,0,0,100
07_26__talking_against_wall__FGNGC2GT.mp4,1,5,26,31,0,0,16.12903226,83.87096774
07_26__walking_down_street_outside_angry__FGNGC2GT.mp4,1,0,31,31,0,0,0,100
07_26__walk_down_hall_angry__FGNGC2GT.mp4,0,31,0,31,0,100,100,0
07_27__kitchen_still__3RH5PR6S.mp4,0,31,0,31,0,100,100,0
07_27__walking_down_street_outside_angry__3RH5PR6S.mp4,1,0,31,31,0,0,0,100
08_05__exit_phone_room__BGI70HJ5.mp4,1,4,27,31,0,0,12.90322581,87.09677419
08_05__exit_phone_room__UNN7ZGKO.mp4,0,16,15,31,0,100,51.61290323,48.38709677
08_05__kitchen_still__LVIZ2X8P.mp4,0,28,3,31,0,100,90.32258065,9.677419355
08_05__kitchen_still__UNN7ZGKO.mp4,0,26,5,31,0,100,83.87096774,16.12903226
08_05__podium_speech_happy__PRBCE28Z.mp4,1,0,31,31,0,0,0,100
08_05__walk_down_hall_angry__FBICSP2C.mp4,0,31,0,31,0,100,100,0
08_05__walk_down_hall_angry__PRBCE28Z.mp4,0,31,0,31,0,100,100,0
08_05__walk_down_hall_angry__YN1Q9TER.mp4,0,31,0,31,0,100,100,0
08_16__exit_phone_room__8Q7JCS95.mp4,0,31,0,31,0,100,100,0
08_16__kitchen_pan__8Q7JCS95.mp4,1,0,31,31,0,0,0,100
08_16__kitchen_still__8Q7JCS95.mp4,0,26,5,31,0,100,83.87096774,16.12903226
08_16__podium_speech_happy__8Q7JCS95.mp4,1,0,31,31,0,0,0,100
08_16__talking_against_wall__8Q7JCS95.mp4,1,0,31,31,0,0,0,100
08_17__exit_phone_room__CFIY1YEQ.mp4,0,31,0,31,0,100,100,0
08_17__kitchen_pan__JZYRLJ8T.mp4,1,0,31,31,0,0,0,100
08_17__kitchen_still__JZYRLJ8T.mp4,0,29,2,31,0,100,93.5483871,6.451612903
08_17__kitchen_still__ZCEYWYTC.mp4,0,27,4,31,0,100,87.09677419,12.90322581
08_17__outside_talking_still_laughing__JZYRLJ8T.mp4,1,7,24,31,0,0,22.58064516,77.41935484
08_17__podium_speech_happy__QOX5NWIJ.mp4,1,0,31,31,0,0,0,100
08_17__podium_speech_happy__ZCEYWYTC.mp4,1,0,31,31,0,0,0,100
08_17__talking_against_wall__ISS1V0B1.mp4,1,0,31,31,0,0,0,100
08_17__walk_down_hall_angry__QOX5NWIJ.mp4,0,31,0,31,0,100,100,0
08_28__exit_phone_room__KXO8S7OP.mp4,0,16,15,31,0,100,51.61290323,48.38709677
08_28__exit_phone_room__LVT0XNQG.mp4,1,6,25,31,0,0,19.35483871,80.64516129
08_28__kitchen_pan__6HFK6PB4.mp4,1,0,31,31,0,0,0,100
08_28__kitchen_pan__LVT0XNQG.mp4,1,0,31,31,0,0,0,100
08_28__outside_talking_pan_laughing__8BC35RFU.mp4,1,0,31,31,0,0,0,100
08_28__outside_talking_pan_laughing__HIOU8Z8I.mp4,1,0,31,31,0,0,0,100
08_28__outside_talking_still_laughing__8BC35RFU.mp4,1,10,21,31,0,0,32.25806452,67.74193548
08_28__podium_speech_happy__GGCUYQA4.mp4,1,0,31,31,0,0,0,100
08_28__podium_speech_happy__HIOU8Z8I.mp4,1,0,31,31,0,0,0,100
08_28__podium_speech_happy__KXO8S7OP.mp4,1,0,31,31,0,0,0,100
08_28__walking_outside_cafe_disgusted__GQN9WHLD.mp4,0,25,6,31,0,100,80.64516129,19.35483871
08_28__walk_down_hall_angry__GGCUYQA4.mp4,0,31,0,31,0,100,100,0
09_01__outside_talking_pan_laughing__SJZRV69J.mp4,1,0,31,31,0,0,0,100
09_01__outside_talking_still_laughing__SJZRV69J.mp4,1,1,30,31,0,0,3.225806452,96.77419355
09_01__talking_against_wall__O8HNNX43.mp4,1,0,31,31,0,0,0,100
09_01__talking_angry_couch__6TSGVLHA.mp4,1,0,31,31,0,0,0,100
09_01__talking_angry_couch__P70H1JB0.mp4,1,0,31,31,0,0,0,100
09_01__walking_down_street_outside_angry__P70H1JB0.mp4,1,0,31,31,0,0,0,100
09_01__walking_down_street_outside_angry__SJZRV69J.mp4,1,0,31,31,0,0,0,100
09_01__walk_down_hall_angry__6TSGVLHA.mp4,0,31,0,31,0,100,100,0
09_02__exit_phone_room__6KUOFMZW.mp4,0,24,7,31,0,100,77.41935484,22.58064516
09_02__exit_phone_room__HIH8YA82.mp4,0,31,0,31,0,100,100,0
09_02__kitchen_pan__6KUOFMZW.mp4,0,20,11,31,0,100,64.51612903,35.48387097
09_02__kitchen_pan__9TDCEK1Q.mp4,0,19,12,31,0,100,61.29032258,38.70967742
09_02__kitchen_pan__HIH8YA82.mp4,0,20,11,31,0,100,64.51612903,35.48387097
09_02__outside_talking_pan_laughing__6KUOFMZW.mp4,1,1,30,31,0,0,3.225806452,96.77419355
09_02__outside_talking_pan_laughing__HIH8YA82.mp4,1,1,30,31,0,0,3.225806452,96.77419355
09_02__outside_talking_still_laughing__9TDCEK1Q.mp4,1,0,31,31,0,0,0,100
09_02__podium_speech_happy__9TDCEK1Q.mp4,1,0,31,31,0,0,0,100
09_02__podium_speech_happy__HIH8YA82.mp4,1,0,31,31,0,0,0,100
09_02__talking_angry_couch__6KUOFMZW.mp4,1,0,31,31,0,0,0,100
09_02__walking_down_street_outside_angry__6KUOFMZW.mp4,1,0,31,31,0,0,0,100
09_02__walking_down_street_outside_angry__9TDCEK1Q.mp4,1,0,31,31,0,0,0,100
09_02__walking_down_street_outside_angry__HIH8YA82.mp4,1,0,31,31,0,0,0,100
09_02__walk_down_hall_angry__6KUOFMZW.mp4,0,31,0,31,0,100,100,0
09_02__walk_down_hall_angry__9TDCEK1Q.mp4,0,31,0,31,0,100,100,0
09_03__kitchen_pan__8DTEGQ54.mp4,0,23,8,31,0,100,74.19354839,25.80645161
09_03__outside_talking_pan_laughing__8DTEGQ54.mp4,1,1,30,31,0,0,3.225806452,96.77419355
09_03__outside_talking_still_laughing__8DTEGQ54.mp4,1,0,31,31,0,0,0,100
09_03__outside_talking_still_laughing__RCETIXYL.mp4,1,0,31,31,0,0,0,100
09_03__talking_against_wall__8DTEGQ54.mp4,1,0,31,31,0,0,0,100
09_03__talking_angry_couch__RCETIXYL.mp4,1,0,31,31,0,0,0,100
09_03__walk_down_hall_angry__8DTEGQ54.mp4,0,31,0,31,0,100,100,0
09_07__kitchen_pan__N9CWME71.mp4,0,19,12,31,0,100,61.29032258,38.70967742
09_07__outside_talking_pan_laughing__N9CWME71.mp4,1,0,31,31,0,0,0,100
09_07__outside_talking_still_laughing__N9CWME71.mp4,1,2,29,31,0,0,6.451612903,93.5483871
09_07__walk_down_hall_angry__N9CWME71.mp4,0,30,1,31,0,100,96.77419355,3.225806452
09_11__podium_speech_happy__INNOT5UE.mp4,1,0,31,31,0,0,0,100
09_11__talking_against_wall__INNOT5UE.mp4,1,0,31,31,0,0,0,100
09_13__exit_phone_room__3GQ49P2J.mp4,0,31,0,31,0,100,100,0
09_13__exit_phone_room__NDMHWBT1.mp4,0,30,1,31,0,100,96.77419355,3.225806452
09_13__exit_phone_room__YP7MGDQ6.mp4,0,27,4,31,0,100,87.09677419,12.90322581
09_13__kitchen_pan__21H6XSPE.mp4,0,20,11,31,0,100,64.51612903,35.48387097
09_13__outside_talking_pan_laughing__6K90KFOQ.mp4,1,1,30,31,0,0,3.225806452,96.77419355
09_13__outside_talking_pan_laughing__LPT427RY.mp4,1,1,30,31,0,0,3.225806452,96.77419355
09_13__outside_talking_pan_laughing__TG55WJXX.mp4,1,1,30,31,0,0,3.225806452,96.77419355
09_13__outside_talking_still_laughing__BVZGDFD8.mp4,1,0,31,31,0,0,0,100
09_13__outside_talking_still_laughing__NDMHWBT1.mp4,1,2,29,31,0,0,6.451612903,93.5483871
09_13__podium_speech_happy__30N46VHZ.mp4,1,0,31,31,0,0,0,100
09_13__podium_speech_happy__8YDMHH02.mp4,1,0,31,31,0,0,0,100
09_13__talking_against_wall__LPT427RY.mp4,1,0,31,31,0,0,0,100
09_13__walking_down_street_outside_angry__3GQ49P2J.mp4,1,0,31,31,0,0,0,100
09_13__walking_down_street_outside_angry__NDMHWBT1.mp4,1,0,31,31,0,0,0,100
09_13__walk_down_hall_angry__6K90KFOQ.mp4,0,31,0,31,0,100,100,0
09_13__walk_down_hall_angry__BVZGDFD8.mp4,0,31,0,31,0,100,100,0
09_14__kitchen_pan__FRY0IZ4R.mp4,0,18,13,31,0,100,58.06451613,41.93548387
09_14__outside_talking_still_laughing__FRY0IZ4R.mp4,1,0,31,31,0,0,0,100
09_14__talking_angry_couch__6TEK3ZX0.mp4,1,0,31,31,0,0,0,100
09_14__walking_down_street_outside_angry__6TEK3ZX0.mp4,1,0,31,31,0,0,0,100
09_18__exit_phone_room__3VP8836C.mp4,0,31,0,31,0,100,100,0
09_18__kitchen_pan__3VP8836C.mp4,0,18,13,31,0,100,58.06451613,41.93548387
09_18__outside_talking_pan_laughing__3VP8836C.mp4,1,0,31,31,0,0,0,100
09_18__outside_talking_still_laughing__3VP8836C.mp4,1,2,29,31,0,0,6.451612903,93.5483871
09_18__walking_down_street_outside_angry__3VP8836C.mp4,1,0,31,31,0,0,0,100
09_18__walk_down_hall_angry__3VP8836C.mp4,0,31,0,31,0,100,100,0
09_20__exit_phone_room__MKEWB4SM.mp4,0,25,6,31,0,100,80.64516129,19.35483871
09_20__kitchen_pan__98NUQ3E6.mp4,0,21,10,31,0,100,67.74193548,32.25806452
09_20__outside_talking_pan_laughing__HG1S0KHA.mp4,1,1,30,31,0,0,3.225806452,96.77419355
09_20__outside_talking_still_laughing__MKEWB4SM.mp4,1,0,31,31,0,0,0,100
09_20__podium_speech_happy__O5X0AWR9.mp4,1,0,31,31,0,0,0,100
09_20__podium_speech_happy__RAGUKRMK.mp4,1,0,31,31,0,0,0,100
09_20__talking_angry_couch__0IRM5ADD.mp4,1,0,31,31,0,0,0,100
09_20__talking_angry_couch__2E5DNCYI.mp4,1,0,31,31,0,0,0,100
09_20__talking_angry_couch__98NUQ3E6.mp4,1,0,31,31,0,0,0,100
09_20__walking_down_street_outside_angry__HG1S0KHA.mp4,1,0,31,31,0,0,0,100
09_20__walk_down_hall_angry__MKEWB4SM.mp4,0,31,0,31,0,100,100,0
09_20__walk_down_hall_angry__RAGUKRMK.mp4,0,31,0,31,0,100,100,0
09_21__exit_phone_room__CGIID3GV.mp4,0,25,6,31,0,100,80.64516129,19.35483871
09_21__exit_phone_room__JEELOMN2.mp4,0,31,0,31,0,100,100,0
09_21__kitchen_pan__JEELOMN2.mp4,0,16,15,31,0,100,51.61290323,48.38709677
09_21__kitchen_pan__Z8H2TRCI.mp4,0,21,10,31,0,100,67.74193548,32.25806452
09_21__podium_speech_happy__JEELOMN2.mp4,1,0,31,31,0,0,0,100
09_21__talking_against_wall__JEELOMN2.mp4,1,0,31,31,0,0,0,100
09_21__talking_against_wall__LBQF8ZN1.mp4,1,0,31,31,0,0,0,100
09_21__talking_against_wall__PF4WD2KJ.mp4,1,0,31,31,0,0,0,100
09_21__talking_angry_couch__Z8H2TRCI.mp4,1,0,31,31,0,0,0,100
09_21__walking_down_street_outside_angry__JEELOMN2.mp4,1,0,31,31,0,0,0,100
09_21__walking_down_street_outside_angry__WBPEX4CU.mp4,1,0,31,31,0,0,0,100
09_21__walking_down_street_outside_angry__Z8H2TRCI.mp4,1,0,31,31,0,0,0,100
09_21__walk_down_hall_angry__J7SQKGUR.mp4,0,31,0,31,0,100,100,0
09_21__walk_down_hall_angry__O9ER29Z6.mp4,0,30,1,31,0,100,96.77419355,3.225806452
09_25__outside_talking_pan_laughing__ODAQ7BZL.mp4,1,0,31,31,0,0,0,100
09_25__outside_talking_still_laughing__ODAQ7BZL.mp4,1,0,31,31,0,0,0,100
09_25__talking_against_wall__ODAQ7BZL.mp4,1,0,31,31,0,0,0,100
09_25__talking_angry_couch__5041ODBN.mp4,1,0,31,31,0,0,0,100
09_25__talking_angry_couch__ODAQ7BZL.mp4,1,0,31,31,0,0,0,100
09_25__walking_down_street_outside_angry__5041ODBN.mp4,1,0,31,31,0,0,0,100
09_26__exit_phone_room__XXGYLT82.mp4,0,28,3,31,0,100,90.32258065,9.677419355
09_26__kitchen_pan__C3K20JOL.mp4,0,21,10,31,0,100,67.74193548,32.25806452
09_26__outside_talking_still_laughing__QSE5A0GF.mp4,1,0,31,31,0,0,0,100
09_26__talking_against_wall__C3K20JOL.mp4,1,0,31,31,0,0,0,100
09_26__walking_down_street_outside_angry__C3K20JOL.mp4,1,0,31,31,0,0,0,100
09_26__walking_down_street_outside_angry__QSE5A0GF.mp4,1,0,31,31,0,0,0,100
09_26__walk_down_hall_angry__QSE5A0GF.mp4,0,31,0,31,0,100,100,0
09_26__walk_down_hall_angry__XXGYLT82.mp4,0,31,0,31,0,100,100,0
09_27__exit_phone_room__RC9KATOO.mp4,0,26,5,31,0,100,83.87096774,16.12903226
09_27__outside_talking_still_laughing__RC9KATOO.mp4,1,1,30,31,0,0,3.225806452,96.77419355
09_27__walking_down_street_outside_angry__RC9KATOO.mp4,1,0,31,31,0,0,0,100
10_19__exit_phone_room__BVVPN5D5.mp4,1,0,31,31,0,0,0,100
10_19__exit_phone_room__O2IKR6YM.mp4,1,0,31,31,0,0,0,100
10_19__kitchen_still__IDX76N5R.mp4,0,29,2,31,0,100,93.5483871,6.451612903
10_19__outside_talking_still_laughing__O2IKR6YM.mp4,0,17,14,31,0,100,54.83870968,45.16129032
10_19__podium_speech_happy__FFXB67PI.mp4,1,0,31,31,0,0,0,100
10_19__talking_angry_couch__BVVPN5D5.mp4,1,0,31,31,0,0,0,100
10_19__talking_angry_couch__QNZIMEJH.mp4,1,0,31,31,0,0,0,100
10_19__walking_down_street_outside_angry__IDX76N5R.mp4,1,0,31,31,0,0,0,100
10_19__walking_outside_cafe_disgusted__BVVPN5D5.mp4,1,3,28,31,0,0,9.677419355,90.32258065
10_19__walking_outside_cafe_disgusted__FFXB67PI.mp4,1,13,18,31,0,0,41.93548387,58.06451613
10_22__exit_phone_room__8YQ2EUQP.mp4,1,0,31,31,0,0,0,100
10_22__exit_phone_room__C1U7OY5M.mp4,1,0,31,31,0,0,0,100
10_22__exit_phone_room__G48B2EQ2.mp4,1,0,31,31,0,0,0,100
10_22__kitchen_pan__EHARPYBT.mp4,1,0,31,31,0,0,0,100
10_22__kitchen_pan__PUJR4HJ1.mp4,1,0,31,31,0,0,0,100
10_22__kitchen_pan__X803B18R.mp4,1,0,31,31,0,0,0,100
10_22__kitchen_still__1TXK09OY.mp4,0,22,9,31,0,100,70.96774194,29.03225806
10_22__kitchen_still__8YQ2EUQP.mp4,0,26,5,31,0,100,83.87096774,16.12903226
10_22__kitchen_still__EHARPYBT.mp4,0,24,7,31,0,100,77.41935484,22.58064516
10_22__kitchen_still__J2HR5HKH.mp4,0,31,0,31,0,100,100,0
10_22__outside_talking_pan_laughing__1TXK09OY.mp4,1,0,31,31,0,0,0,100
10_22__outside_talking_pan_laughing__8YQ2EUQP.mp4,1,0,31,31,0,0,0,100
10_22__outside_talking_pan_laughing__G48B2EQ2.mp4,1,0,31,31,0,0,0,100
10_22__podium_speech_happy__EHARPYBT.mp4,1,0,31,31,0,0,0,100
10_22__podium_speech_happy__X803B18R.mp4,1,0,31,31,0,0,0,100
10_22__talking_angry_couch__FY7YI0AJ.mp4,1,0,31,31,0,0,0,100
10_22__talking_angry_couch__X803B18R.mp4,1,0,31,31,0,0,0,100
10_22__walking_down_street_outside_angry__1TXK09OY.mp4,1,0,31,31,0,0,0,100
10_22__walking_down_street_outside_angry__8YQ2EUQP.mp4,1,0,31,31,0,0,0,100
10_22__walking_outside_cafe_disgusted__C1U7OY5M.mp4,1,4,27,31,0,0,12.90322581,87.09677419
10_22__walk_down_hall_angry__C1U7OY5M.mp4,0,31,0,31,0,100,100,0
10_23__exit_phone_room__W4BDINQ5.mp4,1,0,31,31,0,0,0,100
10_23__kitchen_pan__GYY4VANY.mp4,1,0,31,31,0,0,0,100
10_23__outside_talking_pan_laughing__CU6SNBFZ.mp4,1,0,31,31,0,0,0,100
10_23__outside_talking_pan_laughing__ZHJO34DY.mp4,1,0,31,31,0,0,0,100
10_23__outside_talking_still_laughing__CU6SNBFZ.mp4,0,17,14,31,0,100,54.83870968,45.16129032
10_23__outside_talking_still_laughing__GYY4VANY.mp4,0,19,12,31,0,100,61.29032258,38.70967742
10_23__talking_against_wall__W02WYPCX.mp4,1,0,31,31,0,0,0,100
10_23__talking_against_wall__W4BDINQ5.mp4,1,0,31,31,0,0,0,100
10_23__walk_down_hall_angry__GYY4VANY.mp4,0,31,0,31,0,100,100,0
10_23__walk_down_hall_angry__ZHJO34DY.mp4,0,31,0,31,0,100,100,0
10_24__exit_phone_room__356HPS7R.mp4,1,0,31,31,0,0,0,100
10_24__kitchen_still__356HPS7R.mp4,0,29,2,31,0,100,93.5483871,6.451612903
11_01__exit_phone_room__4OJNJLOO.mp4,0,31,0,31,0,100,100,0
11_01__exit_phone_room__9229VVZ3.mp4,0,31,0,31,0,100,100,0
11_01__kitchen_pan__18HYCC8C.mp4,1,0,31,31,0,0,0,100
11_01__kitchen_pan__WIZ7GKOD.mp4,1,0,31,31,0,0,0,100
11_01__outside_talking_pan_laughing__9OM3VE0Y.mp4,0,20,11,31,0,100,64.51612903,35.48387097
11_01__outside_talking_pan_laughing__UQ0BOBNO.mp4,0,19,12,31,0,100,61.29032258,38.70967742
11_01__outside_talking_pan_laughing__WIZ7GKOD.mp4,0,21,10,31,0,100,67.74193548,32.25806452
11_01__outside_talking_still_laughing__18HYCC8C.mp4,1,0,31,31,0,0,0,100
11_01__outside_talking_still_laughing__9229VVZ3.mp4,1,0,31,31,0,0,0,100
11_01__podium_speech_happy__FCNL2OVP.mp4,1,1,30,31,0,0,3.225806452,96.77419355
11_01__podium_speech_happy__WIZ7GKOD.mp4,1,0,31,31,0,0,0,100
11_01__secret_conversation__FCNL2OVP.mp4,1,7,24,31,0,0,22.58064516,77.41935484
11_01__secret_conversation__WIZ7GKOD.mp4,1,0,31,31,0,0,0,100
11_01__talking_against_wall__4OJNJLOO.mp4,1,0,31,31,0,0,0,100
11_01__talking_against_wall__EKE2KNRE.mp4,1,0,31,31,0,0,0,100
11_01__talking_against_wall__P06JKA75.mp4,1,0,31,31,0,0,0,100
11_01__talking_against_wall__WIZ7GKOD.mp4,1,0,31,31,0,0,0,100
11_01__talking_angry_couch__LL4RUKZA.mp4,1,0,31,31,0,0,0,100
11_01__walking_down_street_outside_angry__9OM3VE0Y.mp4,1,0,31,31,0,0,0,100
11_02__podium_speech_happy__NZJ1YEWE.mp4,1,0,31,31,0,0,0,100
11_02__secret_conversation__NZJ1YEWE.mp4,1,0,31,31,0,0,0,100
11_03__exit_phone_room__P08VGHTA.mp4,0,31,0,31,0,100,100,0
11_03__kitchen_pan__P08VGHTA.mp4,1,0,31,31,0,0,0,100
11_03__kitchen_still__P08VGHTA.mp4,1,0,31,31,0,0,0,100
11_03__outside_talking_pan_laughing__P08VGHTA.mp4,0,20,11,31,0,100,64.51612903,35.48387097
11_03__outside_talking_still_laughing__P08VGHTA.mp4,1,0,31,31,0,0,0,100
11_03__podium_speech_happy__P08VGHTA.mp4,1,0,31,31,0,0,0,100
11_03__talking_against_wall__P08VGHTA.mp4,1,0,31,31,0,0,0,100
11_03__walking_outside_cafe_disgusted__P08VGHTA.mp4,0,30,1,31,0,100,96.77419355,3.225806452
11_03__walk_down_hall_angry__P08VGHTA.mp4,0,31,0,31,0,100,100,0
11_04__outside_talking_pan_laughing__JRQWOV1G.mp4,0,20,11,31,0,100,64.51612903,35.48387097
11_04__outside_talking_still_laughing__60BU0X0I.mp4,1,0,31,31,0,0,0,100
11_04__talking_angry_couch__JRQWOV1G.mp4,1,0,31,31,0,0,0,100
11_04__walking_outside_cafe_disgusted__SXI772ZL.mp4,0,31,0,31,0,100,100,0
11_06__exit_phone_room__C8C4FW99.mp4,0,31,0,31,0,100,100,0
11_06__kitchen_still__C8C4FW99.mp4,1,0,31,31,0,0,0,100
11_06__outside_talking_pan_laughing__C8C4FW99.mp4,0,18,13,31,0,100,58.06451613,41.93548387
11_06__outside_talking_pan_laughing__MX659QU8.mp4,0,18,13,31,0,100,58.06451613,41.93548387
11_06__outside_talking_still_laughing__C8C4FW99.mp4,1,0,31,31,0,0,0,100
11_06__outside_talking_still_laughing__MX659QU8.mp4,1,0,31,31,0,0,0,100
11_06__secret_conversation__C8C4FW99.mp4,1,0,31,31,0,0,0,100
11_06__talking_against_wall__C8C4FW99.mp4,1,0,31,31,0,0,0,100
11_06__walking_outside_cafe_disgusted__MX659QU8.mp4,0,30,1,31,0,100,96.77419355,3.225806452
11_07__exit_phone_room__PGC20QSY.mp4,0,31,0,31,0,100,100,0
11_07__kitchen_pan__H1YF1M1B.mp4,1,0,31,31,0,0,0,100
11_07__kitchen_still__H1YF1M1B.mp4,1,0,31,31,0,0,0,100
11_07__kitchen_still__R7R86Z62.mp4,1,0,31,31,0,0,0,100
11_07__podium_speech_happy__PGC20QSY.mp4,1,0,31,31,0,0,0,100
11_07__talking_angry_couch__PGC20QSY.mp4,1,0,31,31,0,0,0,100
11_12__secret_conversation__8NS148U7.mp4,1,0,31,31,0,0,0,100
11_13__kitchen_pan__61T622EK.mp4,1,0,31,31,0,0,0,100
11_13__kitchen_pan__XXKQ4XM0.mp4,1,0,31,31,0,0,0,100
11_13__kitchen_still__61T622EK.mp4,1,0,31,31,0,0,0,100
11_13__outside_talking_still_laughing__61T622EK.mp4,1,0,31,31,0,0,0,100
11_13__outside_talking_still_laughing__XXKQ4XM0.mp4,1,0,31,31,0,0,0,100
11_13__podium_speech_happy__XXKQ4XM0.mp4,1,5,26,31,0,0,16.12903226,83.87096774
11_13__talking_against_wall__61T622EK.mp4,1,0,31,31,0,0,0,100
11_13__talking_angry_couch__61T622EK.mp4,1,0,31,31,0,0,0,100
11_18__kitchen_still__PT4YKO2R.mp4,1,0,31,31,0,0,0,100
11_18__kitchen_still__TRJUIS24.mp4,1,0,31,31,0,0,0,100
11_18__outside_talking_pan_laughing__KLKJ9FPE.mp4,0,19,12,31,0,100,61.29032258,38.70967742
11_18__outside_talking_pan_laughing__PT4YKO2R.mp4,0,20,11,31,0,100,64.51612903,35.48387097
11_18__podium_speech_happy__DBSWZLXL.mp4,1,0,31,31,0,0,0,100
11_18__secret_conversation__JJ1YREUN.mp4,1,6,25,31,0,0,19.35483871,80.64516129
11_18__secret_conversation__PT4YKO2R.mp4,1,0,31,31,0,0,0,100
11_18__talking_against_wall__PT4YKO2R.mp4,1,0,31,31,0,0,0,100
11_18__talking_angry_couch__JJ1YREUN.mp4,1,0,31,31,0,0,0,100
11_18__walking_down_street_outside_angry__PT4YKO2R.mp4,1,0,31,31,0,0,0,100
11_18__walking_outside_cafe_disgusted__R1NMCHKG.mp4,0,31,0,31,0,100,100,0
11_18__walking_outside_cafe_disgusted__TRJUIS24.mp4,0,31,0,31,0,100,100,0
11_18__walk_down_hall_angry__KLKJ9FPE.mp4,0,31,0,31,0,100,100,0
11_18__walk_down_hall_angry__PT4YKO2R.mp4,0,31,0,31,0,100,100,0
11_20__kitchen_still__GNK9UR8K.mp4,1,0,31,31,0,0,0,100
11_20__outside_talking_still_laughing__GNK9UR8K.mp4,1,0,31,31,0,0,0,100
11_20__secret_conversation__B2H95QXV.mp4,1,7,24,31,0,0,22.58064516,77.41935484
11_20__walking_down_street_outside_angry__B2H95QXV.mp4,1,0,31,31,0,0,0,100
11_20__walk_down_hall_angry__B2H95QXV.mp4,0,31,0,31,0,100,100,0
11_21__exit_phone_room__1EAA3MPV.mp4,0,31,0,31,0,100,100,0
11_21__kitchen_pan__T7DK03O1.mp4,1,0,31,31,0,0,0,100
11_21__kitchen_still__DU9VH27B.mp4,1,0,31,31,0,0,0,100
11_21__kitchen_still__N6YQW2AP.mp4,1,0,31,31,0,0,0,100
11_21__kitchen_still__T7DK03O1.mp4,1,0,31,31,0,0,0,100
11_21__podium_speech_happy__T7DK03O1.mp4,1,0,31,31,0,0,0,100
11_21__secret_conversation__1EAA3MPV.mp4,1,7,24,31,0,0,22.58064516,77.41935484
11_21__secret_conversation__T7DK03O1.mp4,1,7,24,31,0,0,22.58064516,77.41935484
11_21__talking_against_wall__T7DK03O1.mp4,1,0,31,31,0,0,0,100
11_21__talking_angry_couch__T7DK03O1.mp4,1,0,31,31,0,0,0,100
11_21__walking_down_street_outside_angry__USLHUQDI.mp4,1,0,31,31,0,0,0,100
11_21__walking_outside_cafe_disgusted__T7DK03O1.mp4,0,31,0,31,0,100,100,0
11_21__walk_down_hall_angry__T7DK03O1.mp4,0,31,0,31,0,100,100,0
11_25__podium_speech_happy__JX0SAMTC.mp4,0,19,12,31,0,100,61.29032258,38.70967742
11_26__kitchen_pan__7C0VKV43.mp4,1,0,31,31,0,0,0,100
11_26__kitchen_still__7C0VKV43.mp4,1,0,31,31,0,0,0,100
11_26__outside_talking_pan_laughing__ALJ0OHNM.mp4,0,21,10,31,0,100,67.74193548,32.25806452
11_26__outside_talking_still_laughing__ALJ0OHNM.mp4,1,0,31,31,0,0,0,100
11_26__walking_outside_cafe_disgusted__ALJ0OHNM.mp4,0,31,0,31,0,100,100,0
11_26__walk_down_hall_angry__7C0VKV43.mp4,0,31,0,31,0,100,100,0
12_01__kitchen_pan__TNI7KUZ6.mp4,1,4,27,31,0,0,12.90322581,87.09677419
12_01__outside_talking_pan_laughing__TNI7KUZ6.mp4,1,2,29,31,0,0,6.451612903,93.5483871
12_01__outside_talking_still_laughing__TNI7KUZ6.mp4,1,9,22,31,0,0,29.03225806,70.96774194
12_02__hugging_happy__9D2ZHEKW.mp4,1,0,31,31,0,0,0,100
12_02__outside_talking_pan_laughing__9D2ZHEKW.mp4,1,2,29,31,0,0,6.451612903,93.5483871
12_02__podium_speech_happy__9D2ZHEKW.mp4,1,0,31,31,0,0,0,100
12_02__walking_and_outside_surprised__9D2ZHEKW.mp4,1,0,31,31,0,0,0,100
12_03__exit_phone_room__D7G6YJON.mp4,0,31,0,31,0,100,100,0
12_03__kitchen_pan__D7G6YJON.mp4,1,8,23,31,0,0,25.80645161,74.19354839
12_03__outside_talking_still_laughing__D7G6YJON.mp4,1,15,16,31,0,0,48.38709677,51.61290323
12_03__walking_outside_cafe_disgusted__D7G6YJON.mp4,0,31,0,31,0,100,100,0
12_03__walk_down_hall_angry__D7G6YJON.mp4,0,30,1,31,0,100,96.77419355,3.225806452
12_04__kitchen_pan__B6YJ9IW1.mp4,1,7,24,31,0,0,22.58064516,77.41935484
12_04__kitchen_still__96TQKDFJ.mp4,1,0,31,31,0,0,0,100
12_04__kitchen_still__B6YJ9IW1.mp4,1,0,31,31,0,0,0,100
12_04__walking_and_outside_surprised__96TQKDFJ.mp4,1,0,31,31,0,0,0,100
12_04__walking_down_street_outside_angry__B6YJ9IW1.mp4,1,0,31,31,0,0,0,100
12_06__hugging_happy__3K21NFNM.mp4,1,0,31,31,0,0,0,100
12_06__outside_talking_pan_laughing__0VR4Y891.mp4,1,1,30,31,0,0,3.225806452,96.77419355
12_06__outside_talking_pan_laughing__3K21NFNM.mp4,1,2,29,31,0,0,6.451612903,93.5483871
12_06__outside_talking_still_laughing__3K21NFNM.mp4,1,12,19,31,0,0,38.70967742,61.29032258
12_06__podium_speech_happy__0VR4Y891.mp4,1,1,30,31,0,0,3.225806452,96.77419355
12_06__podium_speech_happy__3K21NFNM.mp4,1,0,31,31,0,0,0,100
12_06__secret_conversation__F3I4PDYF.mp4,1,2,4,6,0,0,33.33333333,66.66666667
12_06__talking_against_wall__0VR4Y891.mp4,1,0,31,31,0,0,0,100
12_06__talking_against_wall__3K21NFNM.mp4,1,0,31,31,0,0,0,100
12_06__walking_and_outside_surprised__3K21NFNM.mp4,1,0,31,31,0,0,0,100
12_06__walking_down_indoor_hall_disgust__3K21NFNM.mp4,1,0,31,31,0,0,0,100
12_06__walking_down_street_outside_angry__3K21NFNM.mp4,1,0,31,31,0,0,0,100
12_06__walking_down_street_outside_angry__F3I4PDYF.mp4,1,0,31,31,0,0,0,100
12_06__walk_down_hall_angry__3K21NFNM.mp4,0,31,0,31,0,100,100,0
12_07__kitchen_pan__1MSOAVLL.mp4,1,8,23,31,0,0,25.80645161,74.19354839
12_07__outside_talking_pan_laughing__0VN0A2T3.mp4,1,1,30,31,0,0,3.225806452,96.77419355
12_07__outside_talking_pan_laughing__KAG65PEE.mp4,1,1,30,31,0,0,3.225806452,96.77419355
12_07__outside_talking_still_laughing__0VN0A2T3.mp4,1,10,21,31,0,0,32.25806452,67.74193548
12_07__outside_talking_still_laughing__KAG65PEE.mp4,1,9,22,31,0,0,29.03225806,70.96774194
12_07__podium_speech_happy__KAG65PEE.mp4,1,0,31,31,0,0,0,100
12_07__secret_conversation__X9X7FAZG.mp4,1,7,24,31,0,0,22.58064516,77.41935484
12_07__talking_against_wall__0VN0A2T3.mp4,1,0,31,31,0,0,0,100
12_07__walking_and_outside_surprised__0VN0A2T3.mp4,1,0,31,31,0,0,0,100
12_07__walking_and_outside_surprised__KAG65PEE.mp4,1,0,31,31,0,0,0,100
12_07__walking_and_outside_surprised__X9X7FAZG.mp4,1,0,31,31,0,0,0,100
12_07__walking_down_indoor_hall_disgust__KAG65PEE.mp4,1,0,31,31,0,0,0,100
12_07__walking_down_street_outside_angry__0VN0A2T3.mp4,1,0,31,31,0,0,0,100
12_07__walking_outside_cafe_disgusted__KAG65PEE.mp4,0,31,0,31,0,100,100,0
12_07__walk_down_hall_angry__KAG65PEE.mp4,0,31,0,31,0,100,100,0
12_11__podium_speech_happy__8NS148U7.mp4,1,0,31,31,0,0,0,100
12_11__talking_against_wall__8NS148U7.mp4,1,0,31,31,0,0,0,100
12_11__walking_outside_cafe_disgusted__8NS148U7.mp4,0,31,0,31,0,100,100,0
12_13__kitchen_still__BFH4F0N8.mp4,1,1,30,31,0,0,3.225806452,96.77419355
12_13__outside_talking_pan_laughing__2TM4IFSF.mp4,1,4,27,31,0,0,12.90322581,87.09677419
12_13__outside_talking_still_laughing__2TM4IFSF.mp4,1,11,20,31,0,0,35.48387097,64.51612903
12_13__outside_talking_still_laughing__N8IGC93J.mp4,1,12,19,31,0,0,38.70967742,61.29032258
12_13__podium_speech_happy__2TM4IFSF.mp4,0,18,13,31,0,100,58.06451613,41.93548387
12_13__podium_speech_happy__BFH4F0N8.mp4,0,24,7,31,0,100,77.41935484,22.58064516
12_13__podium_speech_happy__N8IGC93J.mp4,1,0,31,31,0,0,0,100
12_13__secret_conversation__2TM4IFSF.mp4,1,1,5,6,0,0,16.66666667,83.33333333
12_13__secret_conversation__DJ7MF331.mp4,1,6,25,31,0,0,19.35483871,80.64516129
12_13__talking_against_wall__2TM4IFSF.mp4,1,0,31,31,0,0,0,100
12_13__talking_against_wall__O3SOWBCU.mp4,1,0,31,31,0,0,0,100
12_13__talking_angry_couch__WCPCP2TD.mp4,1,0,31,31,0,0,0,100
12_13__walking_and_outside_surprised__DJ7MF331.mp4,1,0,31,31,0,0,0,100
12_13__walking_and_outside_surprised__Q442U52P.mp4,1,0,31,31,0,0,0,100
12_13__walking_and_outside_surprised__SIA5P4HL.mp4,1,0,31,31,0,0,0,100
12_13__walking_down_indoor_hall_disgust__2TM4IFSF.mp4,1,0,31,31,0,0,0,100
12_13__walking_down_street_outside_angry__2TM4IFSF.mp4,1,0,31,31,0,0,0,100
12_13__walk_down_hall_angry__6G44TDN4.mp4,0,31,0,31,0,100,100,0
12_13__walk_down_hall_angry__N8IGC93J.mp4,0,31,0,31,0,100,100,0
12_14__outside_talking_pan_laughing__Z7EWFA0P.mp4,1,6,25,31,0,0,19.35483871,80.64516129
12_14__podium_speech_happy__Z7EWFA0P.mp4,1,0,31,31,0,0,0,100
12_14__walk_down_hall_angry__Z7EWFA0P.mp4,0,30,1,31,0,100,96.77419355,3.225806452
12_15__hugging_happy__N0SRODQD.mp4,1,0,31,31,0,0,0,100
12_15__kitchen_pan__N0SRODQD.mp4,1,6,25,31,0,0,19.35483871,80.64516129
12_15__kitchen_pan__RK17XFJ9.mp4,1,7,24,31,0,0,22.58064516,77.41935484
12_15__kitchen_still__RK17XFJ9.mp4,1,0,31,31,0,0,0,100
12_15__outside_talking_still_laughing__RK17XFJ9.mp4,0,16,15,31,0,100,51.61290323,48.38709677
12_15__podium_speech_happy__N0SRODQD.mp4,1,6,25,31,0,0,19.35483871,80.64516129
12_15__secret_conversation__N0SRODQD.mp4,1,0,6,6,0,0,0,100
12_15__secret_conversation__RK17XFJ9.mp4,1,11,20,31,0,0,35.48387097,64.51612903
12_15__talking_angry_couch__N0SRODQD.mp4,1,0,31,31,0,0,0,100
12_15__talking_angry_couch__RK17XFJ9.mp4,1,0,31,31,0,0,0,100
12_15__walking_and_outside_surprised__N0SRODQD.mp4,1,0,31,31,0,0,0,100
12_15__walking_down_indoor_hall_disgust__N0SRODQD.mp4,1,0,31,31,0,0,0,100
12_15__walking_down_indoor_hall_disgust__RK17XFJ9.mp4,1,0,31,31,0,0,0,100
12_15__walking_down_street_outside_angry__N0SRODQD.mp4,1,0,31,31,0,0,0,100
12_15__walk_down_hall_angry__N0SRODQD.mp4,0,30,1,31,0,100,96.77419355,3.225806452
12_18__hugging_happy__IKH1LBBY.mp4,1,0,31,31,0,0,0,100
12_18__outside_talking_pan_laughing__IKH1LBBY.mp4,1,3,28,31,0,0,9.677419355,90.32258065
12_18__outside_talking_still_laughing__IKH1LBBY.mp4,1,14,17,31,0,0,45.16129032,54.83870968
12_18__talking_against_wall__IKH1LBBY.mp4,1,0,31,31,0,0,0,100
12_18__walking_and_outside_surprised__IKH1LBBY.mp4,1,0,31,31,0,0,0,100
12_18__walking_outside_cafe_disgusted__IKH1LBBY.mp4,0,31,0,31,0,100,100,0
12_20__kitchen_still__VD7BCF1U.mp4,1,0,31,31,0,0,0,100
12_20__outside_talking_pan_laughing__GHPWDH3C.mp4,1,1,30,31,0,0,3.225806452,96.77419355
12_20__secret_conversation__B0X1CGG2.mp4,1,0,5,5,0,0,0,100
12_20__secret_conversation__VD7BCF1U.mp4,1,0,5,5,0,0,0,100
12_20__talking_against_wall__GHPWDH3C.mp4,1,0,31,31,0,0,0,100
12_20__walking_outside_cafe_disgusted__B0X1CGG2.mp4,0,31,0,31,0,100,100,0
12_20__walk_down_hall_angry__B0X1CGG2.mp4,0,31,0,31,0,100,100,0
12_21__kitchen_pan__ME7E3R1D.mp4,1,7,24,31,0,0,22.58064516,77.41935484
12_21__kitchen_still__ME7E3R1D.mp4,1,0,31,31,0,0,0,100
12_21__outside_talking_pan_laughing__ME7E3R1D.mp4,1,1,30,31,0,0,3.225806452,96.77419355
12_21__outside_talking_still_laughing__J54W3PV1.mp4,1,10,21,31,0,0,32.25806452,67.74193548
12_21__secret_conversation__J54W3PV1.mp4,1,1,4,5,0,0,20,80
12_21__talking_against_wall__J54W3PV1.mp4,1,0,31,31,0,0,0,100
12_25__podium_speech_happy__3PS32GAH.mp4,1,0,31,31,0,0,0,100
12_25__podium_speech_happy__G26LG5N7.mp4,1,1,30,31,0,0,3.225806452,96.77419355
12_25__walking_and_outside_surprised__FQE07ND1.mp4,1,0,31,31,0,0,0,100
12_25__walking_and_outside_surprised__G26LG5N7.mp4,1,0,31,31,0,0,0,100
12_25__walking_down_indoor_hall_disgust__FQE07ND1.mp4,1,0,31,31,0,0,0,100
12_25__walking_down_street_outside_angry__I2X1XTCC.mp4,1,0,31,31,0,0,0,100
12_25__walking_outside_cafe_disgusted__0SA36BZ5.mp4,0,28,3,31,0,100,90.32258065,9.677419355
12_25__walking_outside_cafe_disgusted__G26LG5N7.mp4,0,30,1,31,0,100,96.77419355,3.225806452
12_25__walking_outside_cafe_disgusted__MA71PDNV.mp4,0,31,0,31,0,100,100,0
12_25__walk_down_hall_angry__I2X1XTCC.mp4,0,31,0,31,0,100,100,0
12_26__exit_phone_room__HEKDCIHW.mp4,0,31,0,31,0,100,100,0
12_26__kitchen_pan__HEKDCIHW.mp4,1,8,23,31,0,0,25.80645161,74.19354839
12_26__outside_talking_still_laughing__OTKIGGFE.mp4,1,11,20,31,0,0,35.48387097,64.51612903
12_26__podium_speech_happy__BFBNM8FR.mp4,1,1,30,31,0,0,3.225806452,96.77419355
12_26__podium_speech_happy__FWFQ5YB8.mp4,0,17,14,31,0,100,54.83870968,45.16129032
12_26__secret_conversation__LI63E4TS.mp4,1,14,17,31,0,0,45.16129032,54.83870968
12_26__talking_against_wall__FWFQ5YB8.mp4,1,0,31,31,0,0,0,100
12_26__talking_against_wall__OTKIGGFE.mp4,1,0,31,31,0,0,0,100
12_26__talking_angry_couch__LI63E4TS.mp4,1,0,31,31,0,0,0,100
12_26__walking_outside_cafe_disgusted__OTKIGGFE.mp4,0,29,2,31,0,100,93.5483871,6.451612903
12_26__walking_outside_cafe_disgusted__OVOQACG8.mp4,0,24,7,31,0,100,77.41935484,22.58064516
13_02__exit_phone_room__CP5HFV3K.mp4,0,31,0,31,0,100,100,0
13_02__exit_phone_room__PLNVLO74.mp4,0,31,0,31,0,100,100,0
13_02__hugging_happy__PLNVLO74.mp4,1,0,31,31,0,0,0,100
13_02__kitchen_pan__2YSYT2N3.mp4,1,5,26,31,0,0,16.12903226,83.87096774
13_02__kitchen_pan__CP5HFV3K.mp4,0,16,15,31,0,100,51.61290323,48.38709677
13_02__kitchen_still__2YSYT2N3.mp4,1,0,31,31,0,0,0,100
13_02__outside_talking_pan_laughing__0RKOCC6A.mp4,1,14,17,31,0,0,45.16129032,54.83870968
13_02__outside_talking_pan_laughing__2YSYT2N3.mp4,1,15,16,31,0,0,48.38709677,51.61290323
13_02__outside_talking_still_laughing__2YSYT2N3.mp4,1,0,31,31,0,0,0,100
13_02__outside_talking_still_laughing__CP5HFV3K.mp4,1,0,31,31,0,0,0,100
13_02__podium_speech_happy__2YSYT2N3.mp4,1,0,31,31,0,0,0,100
13_02__secret_conversation__CP5HFV3K.mp4,1,0,31,31,0,0,0,100
13_02__secret_conversation__PLNVLO74.mp4,1,0,31,31,0,0,0,100
13_02__talking_angry_couch__CP5HFV3K.mp4,1,0,31,31,0,0,0,100
13_02__walking_and_outside_surprised__CP5HFV3K.mp4,1,0,31,31,0,0,0,100
13_02__walking_down_indoor_hall_disgust__AROBAY8R.mp4,1,0,31,31,0,0,0,100
13_02__walking_down_indoor_hall_disgust__CP5HFV3K.mp4,1,0,31,31,0,0,0,100
13_02__walking_down_street_outside_angry__0RKOCC6A.mp4,1,0,31,31,0,0,0,100
13_02__walking_down_street_outside_angry__2YSYT2N3.mp4,1,0,31,31,0,0,0,100
13_02__walking_outside_cafe_disgusted__CP5HFV3K.mp4,0,21,10,31,0,100,67.74193548,32.25806452
13_03__exit_phone_room__GBYWJW06.mp4,0,29,2,31,0,100,93.5483871,6.451612903
13_03__exit_phone_room__T3MZOI8X.mp4,0,30,1,31,0,100,96.77419355,3.225806452
13_03__hugging_happy__GBYWJW06.mp4,1,0,31,31,0,0,0,100
13_03__kitchen_pan__GBYWJW06.mp4,1,11,20,31,0,0,35.48387097,64.51612903
13_03__outside_talking_still_laughing__GBYWJW06.mp4,1,0,31,31,0,0,0,100
13_03__secret_conversation__GBYWJW06.mp4,1,0,31,31,0,0,0,100
13_03__talking_against_wall__GBYWJW06.mp4,1,0,31,31,0,0,0,100
13_03__talking_angry_couch__GBYWJW06.mp4,1,0,31,31,0,0,0,100
13_03__walking_down_indoor_hall_disgust__GBYWJW06.mp4,1,0,31,31,0,0,0,100
13_03__walking_outside_cafe_disgusted__GBYWJW06.mp4,0,21,10,31,0,100,67.74193548,32.25806452
13_04__kitchen_pan__00T3UYOR.mp4,0,16,15,31,0,100,51.61290323,48.38709677
13_04__kitchen_still__00T3UYOR.mp4,1,0,31,31,0,0,0,100
13_04__podium_speech_happy__00T3UYOR.mp4,1,0,31,31,0,0,0,100
13_04__secret_conversation__00T3UYOR.mp4,1,0,31,31,0,0,0,100
13_04__talking_against_wall__00T3UYOR.mp4,1,0,31,31,0,0,0,100
13_04__talking_angry_couch__00T3UYOR.mp4,1,0,31,31,0,0,0,100
13_04__walking_down_street_outside_angry__00T3UYOR.mp4,1,0,31,31,0,0,0,100
13_04__walking_outside_cafe_disgusted__00T3UYOR.mp4,0,22,9,31,0,100,70.96774194,29.03225806
13_07__exit_phone_room__RVQCPCJF.mp4,0,31,0,31,0,100,100,0
13_07__secret_conversation__RVQCPCJF.mp4,1,0,31,31,0,0,0,100
13_07__walking_down_street_outside_angry__RVQCPCJF.mp4,1,0,31,31,0,0,0,100
13_07__walking_outside_cafe_disgusted__RVQCPCJF.mp4,0,21,10,31,0,100,67.74193548,32.25806452
13_09__exit_phone_room__BVZGDFD8.mp4,0,30,1,31,0,100,96.77419355,3.225806452
13_09__hugging_happy__B41GFUV2.mp4,1,0,31,31,0,0,0,100
13_09__hugging_happy__BVZGDFD8.mp4,1,0,31,31,0,0,0,100
13_09__hugging_happy__LPT427RY.mp4,1,0,31,31,0,0,0,100
13_09__kitchen_still__NDMHWBT1.mp4,1,0,31,31,0,0,0,100
13_09__outside_talking_pan_laughing__6K90KFOQ.mp4,1,12,19,31,0,0,38.70967742,61.29032258
13_09__outside_talking_still_laughing__30N46VHZ.mp4,1,0,31,31,0,0,0,100
13_09__outside_talking_still_laughing__YP7MGDQ6.mp4,1,0,31,31,0,0,0,100
13_09__podium_speech_happy__TG55WJXX.mp4,1,0,31,31,0,0,0,100
13_09__podium_speech_happy__YP7MGDQ6.mp4,1,0,31,31,0,0,0,100
13_09__talking_against_wall__21H6XSPE.mp4,1,0,31,31,0,0,0,100
13_09__talking_against_wall__LPT427RY.mp4,1,0,31,31,0,0,0,100
13_09__walking_down_indoor_hall_disgust__21H6XSPE.mp4,1,0,31,31,0,0,0,100
13_09__walking_down_indoor_hall_disgust__3GQ49P2J.mp4,1,0,31,31,0,0,0,100
13_09__walking_down_indoor_hall_disgust__BVZGDFD8.mp4,1,0,31,31,0,0,0,100
13_09__walking_down_street_outside_angry__6K90KFOQ.mp4,1,0,31,31,0,0,0,100
13_09__walking_down_street_outside_angry__8YDMHH02.mp4,1,0,31,31,0,0,0,100
13_09__walking_down_street_outside_angry__B41GFUV2.mp4,1,0,31,31,0,0,0,100
13_09__walking_down_street_outside_angry__NDMHWBT1.mp4,1,0,31,31,0,0,0,100
13_09__walking_outside_cafe_disgusted__21H6XSPE.mp4,0,22,9,31,0,100,70.96774194,29.03225806
13_09__walking_outside_cafe_disgusted__3GQ49P2J.mp4,0,20,11,31,0,100,64.51612903,35.48387097
13_09__walk_down_hall_angry__6K90KFOQ.mp4,0,31,0,31,0,100,100,0
13_09__walk_down_hall_angry__YP7MGDQ6.mp4,0,31,0,31,0,100,100,0
13_11__hugging_happy__61T622EK.mp4,1,0,31,31,0,0,0,100
13_11__kitchen_pan__61T622EK.mp4,1,5,26,31,0,0,16.12903226,83.87096774
13_11__kitchen_pan__XXKQ4XM0.mp4,1,13,18,31,0,0,41.93548387,58.06451613
13_11__kitchen_still__61T622EK.mp4,1,0,31,31,0,0,0,100
13_11__outside_talking_still_laughing__61T622EK.mp4,1,0,31,31,0,0,0,100
13_11__outside_talking_still_laughing__XXKQ4XM0.mp4,1,0,31,31,0,0,0,100
13_11__podium_speech_happy__XXKQ4XM0.mp4,1,0,31,31,0,0,0,100
13_11__talking_against_wall__61T622EK.mp4,1,0,31,31,0,0,0,100
13_11__talking_angry_couch__61T622EK.mp4,1,0,31,31,0,0,0,100
13_12__hugging_happy__BFH4F0N8.mp4,1,0,31,31,0,0,0,100
13_12__kitchen_pan__O3SOWBCU.mp4,1,13,18,31,0,0,41.93548387,58.06451613
13_12__kitchen_pan__Q442U52P.mp4,1,14,17,31,0,0,45.16129032,54.83870968
13_12__outside_talking_pan_laughing__2TM4IFSF.mp4,1,14,17,31,0,0,45.16129032,54.83870968
13_12__outside_talking_still_laughing__2TM4IFSF.mp4,1,0,31,31,0,0,0,100
13_12__outside_talking_still_laughing__N8IGC93J.mp4,1,2,29,31,0,0,6.451612903,93.5483871
13_12__podium_speech_happy__2TM4IFSF.mp4,1,0,31,31,0,0,0,100
13_12__podium_speech_happy__N8IGC93J.mp4,1,0,31,31,0,0,0,100
13_12__secret_conversation__2TM4IFSF.mp4,1,0,31,31,0,0,0,100
13_12__secret_conversation__6G44TDN4.mp4,1,0,31,31,0,0,0,100
13_12__secret_conversation__DJ7MF331.mp4,1,0,31,31,0,0,0,100
13_12__talking_against_wall__2TM4IFSF.mp4,1,0,31,31,0,0,0,100
13_12__walking_down_indoor_hall_disgust__2TM4IFSF.mp4,1,0,31,31,0,0,0,100
13_12__walking_down_indoor_hall_disgust__SIA5P4HL.mp4,1,0,31,31,0,0,0,100
13_12__walking_down_street_outside_angry__2TM4IFSF.mp4,1,0,31,31,0,0,0,100
13_12__walk_down_hall_angry__N8IGC93J.mp4,0,31,0,31,0,100,100,0
13_12__walk_down_hall_angry__Q442U52P.mp4,0,31,0,31,0,100,100,0
13_14__hugging_happy__KMQ3AW6A.mp4,1,0,31,31,0,0,0,100
13_14__kitchen_still__KMQ3AW6A.mp4,1,0,31,31,0,0,0,100
13_14__outside_talking_pan_laughing__KMQ3AW6A.mp4,1,11,20,31,0,0,35.48387097,64.51612903
13_14__podium_speech_happy__KMQ3AW6A.mp4,1,0,31,31,0,0,0,100
13_14__talking_against_wall__KMQ3AW6A.mp4,1,0,31,31,0,0,0,100
13_14__talking_angry_couch__KMQ3AW6A.mp4,1,0,31,31,0,0,0,100
13_14__walking_down_indoor_hall_disgust__KMQ3AW6A.mp4,1,0,31,31,0,0,0,100
13_14__walking_outside_cafe_disgusted__KMQ3AW6A.mp4,0,21,10,31,0,100,67.74193548,32.25806452
13_14__walk_down_hall_angry__KMQ3AW6A.mp4,0,31,0,31,0,100,100,0
13_15__exit_phone_room__X0EIIJF7.mp4,0,30,1,31,0,100,96.77419355,3.225806452
13_15__hugging_happy__X0EIIJF7.mp4,1,0,31,31,0,0,0,100
13_15__kitchen_pan__X0EIIJF7.mp4,1,10,21,31,0,0,32.25806452,67.74193548
13_15__kitchen_still__X0EIIJF7.mp4,1,0,31,31,0,0,0,100
13_15__outside_talking_pan_laughing__X0EIIJF7.mp4,1,11,20,31,0,0,35.48387097,64.51612903
13_15__outside_talking_still_laughing__X0EIIJF7.mp4,1,0,31,31,0,0,0,100
13_15__secret_conversation__X0EIIJF7.mp4,1,0,31,31,0,0,0,100
13_15__walking_down_indoor_hall_disgust__X0EIIJF7.mp4,1,0,31,31,0,0,0,100
13_15__walking_down_street_outside_angry__X0EIIJF7.mp4,1,0,31,31,0,0,0,100
13_15__walking_outside_cafe_disgusted__X0EIIJF7.mp4,0,21,10,31,0,100,67.74193548,32.25806452
13_15__walk_down_hall_angry__X0EIIJF7.mp4,0,31,0,31,0,100,100,0
13_18__exit_phone_room__3II4T6H5.mp4,0,30,1,31,0,100,96.77419355,3.225806452
13_18__kitchen_still__3II4T6H5.mp4,1,0,31,31,0,0,0,100
13_18__walking_outside_cafe_disgusted__3II4T6H5.mp4,0,19,12,31,0,100,61.29032258,38.70967742
13_20__exit_phone_room__C50CSOEX.mp4,0,30,1,31,0,100,96.77419355,3.225806452
13_20__hugging_happy__43KAHOT2.mp4,1,0,31,31,0,0,0,100
13_20__hugging_happy__C50CSOEX.mp4,1,0,31,31,0,0,0,100
13_20__kitchen_pan__4SAX54BT.mp4,0,17,14,31,0,100,54.83870968,45.16129032
13_20__kitchen_still__2994SNXH.mp4,1,0,31,31,0,0,0,100
13_20__kitchen_still__LXLR1B6N.mp4,1,0,31,31,0,0,0,100
13_20__kitchen_still__NJEO6L5O.mp4,1,0,31,31,0,0,0,100
13_20__outside_talking_pan_laughing__43KAHOT2.mp4,1,13,18,31,0,0,41.93548387,58.06451613
13_20__outside_talking_pan_laughing__C50CSOEX.mp4,1,10,21,31,0,0,32.25806452,67.74193548
13_20__podium_speech_happy__C50CSOEX.mp4,1,0,31,31,0,0,0,100
13_20__podium_speech_happy__U3IPYECM.mp4,1,0,31,31,0,0,0,100
13_20__secret_conversation__4RU7I77X.mp4,1,0,31,31,0,0,0,100
13_20__talking_against_wall__43KAHOT2.mp4,1,0,31,31,0,0,0,100
13_20__talking_against_wall__4SAX54BT.mp4,1,0,31,31,0,0,0,100
13_20__talking_against_wall__VO2YZXLN.mp4,1,0,31,31,0,0,0,100
13_20__walking_down_indoor_hall_disgust__EV1V4ZQV.mp4,1,0,31,31,0,0,0,100
13_20__walking_down_indoor_hall_disgust__NJEO6L5O.mp4,1,0,31,31,0,0,0,100
13_20__walking_down_indoor_hall_disgust__VO2YZXLN.mp4,1,0,31,31,0,0,0,100
13_20__walk_down_hall_angry__43KAHOT2.mp4,0,31,0,31,0,100,100,0
13_20__walk_down_hall_angry__4SAX54BT.mp4,0,31,0,31,0,100,100,0
13_20__walk_down_hall_angry__HQHYKNGK.mp4,0,31,0,31,0,100,100,0
13_20__walk_down_hall_angry__LXLR1B6N.mp4,0,31,0,31,0,100,100,0
13_25__exit_phone_room__7YMTAF29.mp4,0,31,0,31,0,100,100,0
13_25__hugging_happy__7YMTAF29.mp4,1,0,31,31,0,0,0,100
13_25__outside_talking_still_laughing__IW9OFVMG.mp4,1,0,31,31,0,0,0,100
13_25__outside_talking_still_laughing__PBM86HKZ.mp4,1,0,31,31,0,0,0,100
13_25__talking_against_wall__7YMTAF29.mp4,1,0,31,31,0,0,0,100
13_25__walking_and_outside_surprised__PBM86HKZ.mp4,1,0,31,31,0,0,0,100
13_25__walking_down_street_outside_angry__IW9OFVMG.mp4,1,0,31,31,0,0,0,100
13_26__exit_phone_room__U5ELHUN5.mp4,0,30,1,31,0,100,96.77419355,3.225806452
13_26__kitchen_still__XRS5W2NC.mp4,1,0,31,31,0,0,0,100
13_26__podium_speech_happy__1ZRIYSSU.mp4,1,0,31,31,0,0,0,100
13_26__podium_speech_happy__XRS5W2NC.mp4,1,0,31,31,0,0,0,100
13_26__secret_conversation__DZP10XW4.mp4,1,0,31,31,0,0,0,100
13_26__talking_against_wall__U5ELHUN5.mp4,1,0,31,31,0,0,0,100
13_26__talking_against_wall__WK3NZ3UV.mp4,1,0,31,31,0,0,0,100
13_26__talking_angry_couch__1ZRIYSSU.mp4,1,0,31,31,0,0,0,100
13_26__walking_down_street_outside_angry__CJALTDKT.mp4,1,0,31,31,0,0,0,100
13_26__walking_outside_cafe_disgusted__SU8J9CBG.mp4,0,21,10,31,0,100,67.74193548,32.25806452
13_27__hugging_happy__A1OSUJE9.mp4,1,0,31,31,0,0,0,100
13_27__kitchen_still__A1OSUJE9.mp4,1,0,31,31,0,0,0,100
13_27__outside_talking_pan_laughing__A1OSUJE9.mp4,1,15,16,31,0,0,48.38709677,51.61290323
13_27__talking_against_wall__A1OSUJE9.mp4,1,0,31,31,0,0,0,100
13_27__walking_and_outside_surprised__A1OSUJE9.mp4,1,0,31,31,0,0,0,100
13_27__walking_outside_cafe_disgusted__A1OSUJE9.mp4,0,20,11,31,0,100,64.51612903,35.48387097
14_01__hugging_happy__0S0NS5C6.mp4,1,1,30,31,0,0,3.225806452,96.77419355
14_01__kitchen_pan__0S0NS5C6.mp4,1,2,29,31,0,0,6.451612903,93.5483871
14_01__kitchen_still__01YF7VQM.mp4,1,0,31,31,0,0,0,100
14_01__outside_talking_still_laughing__01YF7VQM.mp4,1,9,22,31,0,0,29.03225806,70.96774194
14_01__talking_angry_couch__0S0NS5C6.mp4,1,0,31,31,0,0,0,100
14_01__walking_and_outside_surprised__01YF7VQM.mp4,1,0,31,31,0,0,0,100
14_01__walking_outside_cafe_disgusted__01YF7VQM.mp4,0,31,0,31,0,100,100,0
14_02__exit_phone_room__3IUBEKCT.mp4,0,27,4,31,0,100,87.09677419,12.90322581
14_02__kitchen_pan__3IUBEKCT.mp4,1,2,29,31,0,0,6.451612903,93.5483871
14_02__outside_talking_pan_laughing__3IUBEKCT.mp4,1,2,29,31,0,0,6.451612903,93.5483871
14_02__podium_speech_happy__3IUBEKCT.mp4,1,0,31,31,0,0,0,100
14_02__secret_conversation__3IUBEKCT.mp4,1,0,31,31,0,0,0,100
14_02__walking_and_outside_surprised__3IUBEKCT.mp4,1,0,31,31,0,0,0,100
14_02__walking_outside_cafe_disgusted__3IUBEKCT.mp4,0,28,3,31,0,100,90.32258065,9.677419355
14_03__exit_phone_room__0O9TTCJT.mp4,0,25,6,31,0,100,80.64516129,19.35483871
14_03__exit_phone_room__7JPPCV50.mp4,0,31,0,31,0,100,100,0
14_03__exit_phone_room__KJ221YN0.mp4,0,25,6,31,0,100,80.64516129,19.35483871
14_03__hugging_happy__PLCQJM81.mp4,1,0,31,31,0,0,0,100
14_03__hugging_happy__ZC2KYASW.mp4,1,2,29,31,0,0,6.451612903,93.5483871
14_03__kitchen_still__0O9TTCJT.mp4,1,1,30,31,0,0,3.225806452,96.77419355
14_03__kitchen_still__Q9NSXM88.mp4,1,1,30,31,0,0,3.225806452,96.77419355
14_03__outside_talking_pan_laughing__H0VQHGS3.mp4,1,1,30,31,0,0,3.225806452,96.77419355
14_03__outside_talking_still_laughing__KJ221YN0.mp4,0,17,14,31,0,100,54.83870968,45.16129032
14_03__secret_conversation__0O9TTCJT.mp4,1,0,31,31,0,0,0,100
14_03__secret_conversation__KJ221YN0.mp4,1,0,31,31,0,0,0,100
14_03__secret_conversation__L0GHYIFS.mp4,1,0,31,31,0,0,0,100
14_03__talking_against_wall__38OVCK3X.mp4,1,0,31,31,0,0,0,100
14_03__talking_against_wall__P1L5PF4I.mp4,1,0,31,31,0,0,0,100
14_03__talking_angry_couch__L0GHYIFS.mp4,1,0,31,31,0,0,0,100
14_03__walking_and_outside_surprised__38OVCK3X.mp4,1,0,31,31,0,0,0,100
14_03__walking_and_outside_surprised__P1L5PF4I.mp4,1,0,31,31,0,0,0,100
14_03__walking_down_indoor_hall_disgust__KJ221YN0.mp4,1,0,31,31,0,0,0,100
14_03__walking_down_street_outside_angry__L0GHYIFS.mp4,1,0,31,31,0,0,0,100
14_03__walking_down_street_outside_angry__PLCQJM81.mp4,1,0,31,31,0,0,0,100
14_03__walking_outside_cafe_disgusted__PLCQJM81.mp4,0,28,3,31,0,100,90.32258065,9.677419355
14_03__walk_down_hall_angry__7JPPCV50.mp4,0,31,0,31,0,100,100,0
14_06__hugging_happy__8U9ULZDT.mp4,1,3,28,31,0,0,9.677419355,90.32258065
14_06__kitchen_still__8U9ULZDT.mp4,1,0,31,31,0,0,0,100
14_06__outside_talking_pan_laughing__8U9ULZDT.mp4,1,2,29,31,0,0,6.451612903,93.5483871
14_06__outside_talking_still_laughing__8U9ULZDT.mp4,0,19,12,31,0,100,61.29032258,38.70967742
14_06__podium_speech_happy__8U9ULZDT.mp4,1,0,31,31,0,0,0,100
14_06__secret_conversation__8U9ULZDT.mp4,1,0,31,31,0,0,0,100
14_06__walking_and_outside_surprised__8U9ULZDT.mp4,1,0,31,31,0,0,0,100
14_06__walking_down_indoor_hall_disgust__8U9ULZDT.mp4,1,0,31,31,0,0,0,100
14_07__exit_phone_room__P9QFO50U.mp4,0,27,4,31,0,100,87.09677419,12.90322581
14_07__hugging_happy__P9QFO50U.mp4,1,1,30,31,0,0,3.225806452,96.77419355
14_07__hugging_happy__VOX29AK0.mp4,1,1,30,31,0,0,3.225806452,96.77419355
14_07__outside_talking_pan_laughing__P9QFO50U.mp4,1,0,31,31,0,0,0,100
14_07__outside_talking_still_laughing__P9QFO50U.mp4,0,21,10,31,0,100,67.74193548,32.25806452
14_07__podium_speech_happy__P9QFO50U.mp4,1,0,31,31,0,0,0,100
14_07__podium_speech_happy__VOX29AK0.mp4,1,0,31,31,0,0,0,100
14_07__secret_conversation__P9QFO50U.mp4,1,0,31,31,0,0,0,100
14_07__talking_against_wall__P9QFO50U.mp4,1,0,31,31,0,0,0,100
14_07__walking_down_indoor_hall_disgust__P9QFO50U.mp4,1,0,31,31,0,0,0,100
14_07__walking_down_street_outside_angry__VOX29AK0.mp4,1,0,31,31,0,0,0,100
14_07__walk_down_hall_angry__P9QFO50U.mp4,0,31,0,31,0,100,100,0
14_09__hugging_happy__6TEK3ZX0.mp4,1,2,29,31,0,0,6.451612903,93.5483871
14_09__talking_angry_couch__6TEK3ZX0.mp4,1,0,31,31,0,0,0,100
14_09__walking_down_indoor_hall_disgust__6TEK3ZX0.mp4,1,0,31,31,0,0,0,100
14_09__walking_down_street_outside_angry__6TEK3ZX0.mp4,1,0,31,31,0,0,0,100
14_09__walking_outside_cafe_disgusted__6TEK3ZX0.mp4,0,28,3,31,0,100,90.32258065,9.677419355
14_12__outside_talking_pan_laughing__Z7EWFA0P.mp4,1,2,29,31,0,0,6.451612903,93.5483871
14_12__podium_speech_happy__Z7EWFA0P.mp4,1,0,31,31,0,0,0,100
14_12__walk_down_hall_angry__Z7EWFA0P.mp4,0,31,0,31,0,100,100,0
14_13__hugging_happy__KMQ3AW6A.mp4,1,5,26,31,0,0,16.12903226,83.87096774
14_13__kitchen_still__KMQ3AW6A.mp4,1,1,30,31,0,0,3.225806452,96.77419355
14_13__outside_talking_pan_laughing__KMQ3AW6A.mp4,1,5,26,31,0,0,16.12903226,83.87096774
14_13__podium_speech_happy__KMQ3AW6A.mp4,1,0,31,31,0,0,0,100
14_13__talking_against_wall__KMQ3AW6A.mp4,1,0,31,31,0,0,0,100
14_13__talking_angry_couch__KMQ3AW6A.mp4,1,0,31,31,0,0,0,100
14_13__walking_down_indoor_hall_disgust__KMQ3AW6A.mp4,1,0,31,31,0,0,0,100
14_13__walking_outside_cafe_disgusted__KMQ3AW6A.mp4,0,31,0,31,0,100,100,0
14_13__walk_down_hall_angry__KMQ3AW6A.mp4,0,31,0,31,0,100,100,0
14_15__exit_phone_room__OMLZILK3.mp4,0,24,7,31,0,100,77.41935484,22.58064516
14_15__hugging_happy__3FRJCJ0V.mp4,1,4,27,31,0,0,12.90322581,87.09677419
14_15__hugging_happy__4SO1CSAM.mp4,1,0,31,31,0,0,0,100
14_15__hugging_happy__OMLZILK3.mp4,1,1,30,31,0,0,3.225806452,96.77419355
14_15__kitchen_pan__RF38N10R.mp4,1,4,27,31,0,0,12.90322581,87.09677419
14_15__outside_talking_pan_laughing__3FRJCJ0V.mp4,1,1,30,31,0,0,3.225806452,96.77419355
14_15__outside_talking_pan_laughing__OMLZILK3.mp4,1,0,31,31,0,0,0,100
14_15__outside_talking_still_laughing__4SO1CSAM.mp4,1,13,18,31,0,0,41.93548387,58.06451613
14_15__outside_talking_still_laughing__RNHLLKSQ.mp4,1,15,16,31,0,0,48.38709677,51.61290323
14_15__podium_speech_happy__RF38N10R.mp4,1,0,31,31,0,0,0,100
14_15__secret_conversation__OMLZILK3.mp4,1,0,31,31,0,0,0,100
14_15__talking_against_wall__3FRJCJ0V.mp4,1,0,31,31,0,0,0,100
14_15__talking_against_wall__RNHLLKSQ.mp4,1,0,31,31,0,0,0,100
14_15__talking_angry_couch__RF38N10R.mp4,1,0,31,31,0,0,0,100
14_15__walking_and_outside_surprised__OMLZILK3.mp4,1,0,31,31,0,0,0,100
14_15__walking_down_street_outside_angry__OMLZILK3.mp4,1,0,31,31,0,0,0,100
14_18__exit_phone_room__0YRBHIKG.mp4,0,31,0,31,0,100,100,0
14_18__hugging_happy__0YRBHIKG.mp4,1,1,30,31,0,0,3.225806452,96.77419355
14_18__hugging_happy__MAEROFMR.mp4,1,4,27,31,0,0,12.90322581,87.09677419
14_18__kitchen_pan__A5A1Q467.mp4,1,4,27,31,0,0,12.90322581,87.09677419
14_18__kitchen_pan__HYMNQ00Q.mp4,1,1,30,31,0,0,3.225806452,96.77419355
14_18__kitchen_still__0YRBHIKG.mp4,1,0,31,31,0,0,0,100
14_18__kitchen_still__A5A1Q467.mp4,1,0,31,31,0,0,0,100
14_18__outside_talking_still_laughing__6SB2BR0A.mp4,0,21,10,31,0,100,67.74193548,32.25806452
14_18__podium_speech_happy__0YRBHIKG.mp4,1,0,31,31,0,0,0,100
14_18__secret_conversation__A5A1Q467.mp4,1,0,31,31,0,0,0,100
14_18__talking_against_wall__0YRBHIKG.mp4,1,0,31,31,0,0,0,100
14_18__talking_against_wall__A5A1Q467.mp4,1,0,31,31,0,0,0,100
14_18__talking_angry_couch__0YRBHIKG.mp4,1,0,31,31,0,0,0,100
14_18__talking_angry_couch__A5A1Q467.mp4,1,0,31,31,0,0,0,100
14_18__walking_and_outside_surprised__0YRBHIKG.mp4,1,0,31,31,0,0,0,100
14_18__walking_and_outside_surprised__6SB2BR0A.mp4,1,0,31,31,0,0,0,100
14_18__walking_and_outside_surprised__A5A1Q467.mp4,1,0,31,31,0,0,0,100
14_18__walking_down_indoor_hall_disgust__0YRBHIKG.mp4,1,0,31,31,0,0,0,100
14_18__walking_outside_cafe_disgusted__0YRBHIKG.mp4,0,31,0,31,0,100,100,0
14_18__walking_outside_cafe_disgusted__6SB2BR0A.mp4,0,31,0,31,0,100,100,0
14_18__walk_down_hall_angry__A5A1Q467.mp4,0,31,0,31,0,100,100,0
14_20__exit_phone_room__B014BKVO.mp4,0,25,6,31,0,100,80.64516129,19.35483871
14_20__hugging_happy__B014BKVO.mp4,1,1,30,31,0,0,3.225806452,96.77419355
14_20__kitchen_pan__R7SPX6OK.mp4,1,4,27,31,0,0,12.90322581,87.09677419
14_20__outside_talking_pan_laughing__R7SPX6OK.mp4,1,3,28,31,0,0,9.677419355,90.32258065
14_20__podium_speech_happy__B014BKVO.mp4,1,0,31,31,0,0,0,100
14_20__podium_speech_happy__R7SPX6OK.mp4,1,0,31,31,0,0,0,100
14_20__secret_conversation__B014BKVO.mp4,1,0,31,31,0,0,0,100
14_20__talking_against_wall__R7SPX6OK.mp4,1,0,31,31,0,0,0,100
14_20__talking_angry_couch__B014BKVO.mp4,1,0,31,31,0,0,0,100
14_20__talking_angry_couch__R7SPX6OK.mp4,1,0,31,31,0,0,0,100
14_20__walking_and_outside_surprised__B014BKVO.mp4,1,0,31,31,0,0,0,100
14_20__walking_down_indoor_hall_disgust__R7SPX6OK.mp4,1,0,31,31,0,0,0,100
14_20__walking_down_street_outside_angry__3HWOJRAM.mp4,1,0,31,31,0,0,0,100
14_20__walking_down_street_outside_angry__B014BKVO.mp4,1,0,31,31,0,0,0,100
14_20__walking_outside_cafe_disgusted__3HWOJRAM.mp4,0,31,0,31,0,100,100,0
14_20__walk_down_hall_angry__B014BKVO.mp4,0,31,0,31,0,100,100,0
14_20__walk_down_hall_angry__R7SPX6OK.mp4,0,31,0,31,0,100,100,0
14_21__exit_phone_room__IRKML4J0.mp4,0,25,6,31,0,100,80.64516129,19.35483871
14_21__hugging_happy__N0WM4GSV.mp4,1,2,29,31,0,0,6.451612903,93.5483871
14_21__kitchen_still__IRKML4J0.mp4,1,1,30,31,0,0,3.225806452,96.77419355
14_21__outside_talking_still_laughing__IRKML4J0.mp4,0,25,6,31,0,100,80.64516129,19.35483871
14_21__outside_talking_still_laughing__N0WM4GSV.mp4,0,19,12,31,0,100,61.29032258,38.70967742
14_21__podium_speech_happy__IRKML4J0.mp4,1,0,31,31,0,0,0,100
14_21__podium_speech_happy__N0WM4GSV.mp4,1,0,31,31,0,0,0,100
14_21__secret_conversation__IRKML4J0.mp4,1,0,31,31,0,0,0,100
14_21__secret_conversation__N0WM4GSV.mp4,1,0,31,31,0,0,0,100
14_21__talking_angry_couch__IRKML4J0.mp4,1,0,31,31,0,0,0,100
14_21__talking_angry_couch__N0WM4GSV.mp4,1,0,31,31,0,0,0,100
14_21__walking_and_outside_surprised__N0WM4GSV.mp4,1,0,31,31,0,0,0,100
14_21__walking_down_street_outside_angry__N0WM4GSV.mp4,1,0,31,31,0,0,0,100
14_21__walking_outside_cafe_disgusted__N0WM4GSV.mp4,0,31,0,31,0,100,100,0
14_21__walk_down_hall_angry__N0WM4GSV.mp4,0,31,0,31,0,100,100,0
14_26__exit_phone_room__SU8SAHTT.mp4,0,25,6,31,0,100,80.64516129,19.35483871
14_26__kitchen_pan__ILLP29ZH.mp4,1,2,29,31,0,0,6.451612903,93.5483871
14_26__kitchen_pan__SU8SAHTT.mp4,1,1,30,31,0,0,3.225806452,96.77419355
14_26__kitchen_still__ILLP29ZH.mp4,1,2,29,31,0,0,6.451612903,93.5483871
14_26__outside_talking_still_laughing__ILLP29ZH.mp4,0,26,5,31,0,100,83.87096774,16.12903226
14_26__podium_speech_happy__ILLP29ZH.mp4,1,0,31,31,0,0,0,100
14_26__secret_conversation__ILLP29ZH.mp4,1,0,31,31,0,0,0,100
14_26__secret_conversation__SU8SAHTT.mp4,1,0,31,31,0,0,0,100
14_26__talking_against_wall__ILLP29ZH.mp4,1,0,31,31,0,0,0,100
14_26__talking_angry_couch__ILLP29ZH.mp4,1,0,31,31,0,0,0,100
14_26__talking_angry_couch__SU8SAHTT.mp4,1,0,31,31,0,0,0,100
14_26__walking_outside_cafe_disgusted__ILLP29ZH.mp4,0,29,2,31,0,100,93.5483871,6.451612903
14_26__walk_down_hall_angry__ILLP29ZH.mp4,0,31,0,31,0,100,100,0
14_27__exit_phone_room__0KSONKQ2.mp4,0,27,4,31,0,100,87.09677419,12.90322581
14_27__outside_talking_pan_laughing__0KSONKQ2.mp4,1,3,28,31,0,0,9.677419355,90.32258065
15_01__exit_phone_room__02HILKYO.mp4,0,29,2,31,0,100,93.5483871,6.451612903
15_01__hugging_happy__02HILKYO.mp4,1,0,31,31,0,0,0,100
15_01__kitchen_pan__02HILKYO.mp4,0,17,14,31,0,100,54.83870968,45.16129032
15_01__kitchen_still__02HILKYO.mp4,0,31,0,31,0,100,100,0
15_01__outside_talking_pan_laughing__02HILKYO.mp4,0,27,4,31,0,100,87.09677419,12.90322581
15_01__outside_talking_still_laughing__02HILKYO.mp4,0,31,0,31,0,100,100,0
15_01__podium_speech_happy__02HILKYO.mp4,1,2,29,31,0,0,6.451612903,93.5483871
15_01__talking_angry_couch__02HILKYO.mp4,1,0,31,31,0,0,0,100
15_01__walking_and_outside_surprised__02HILKYO.mp4,1,0,31,31,0,0,0,100
15_01__walking_down_street_outside_angry__02HILKYO.mp4,1,0,31,31,0,0,0,100
15_01__walk_down_hall_angry__02HILKYO.mp4,0,31,0,31,0,100,100,0
15_02__exit_phone_room__HTG660F8.mp4,0,29,2,31,0,100,93.5483871,6.451612903
15_02__exit_phone_room__I8G2LWD1.mp4,0,29,2,31,0,100,93.5483871,6.451612903
15_02__exit_phone_room__MZWH8ATN.mp4,0,29,2,31,0,100,93.5483871,6.451612903
15_02__exit_phone_room__XNJIS4S3.mp4,0,29,2,31,0,100,93.5483871,6.451612903
15_02__hugging_happy__HTG660F8.mp4,1,0,31,31,0,0,0,100
15_02__hugging_happy__MZWH8ATN.mp4,1,0,31,31,0,0,0,100
15_02__hugging_happy__SB6PMCO0.mp4,1,0,31,31,0,0,0,100
15_02__hugging_happy__XNJIS4S3.mp4,1,0,31,31,0,0,0,100
15_02__kitchen_still__HTG660F8.mp4,0,31,0,31,0,100,100,0
15_02__kitchen_still__I8G2LWD1.mp4,0,31,0,31,0,100,100,0
15_02__kitchen_still__SB6PMCO0.mp4,0,31,0,31,0,100,100,0
15_02__outside_talking_pan_laughing__I8G2LWD1.mp4,0,29,2,31,0,100,93.5483871,6.451612903
15_02__outside_talking_pan_laughing__MCRFMYAE.mp4,0,30,1,31,0,100,96.77419355,3.225806452
15_02__outside_talking_still_laughing__HTG660F8.mp4,0,31,0,31,0,100,100,0
15_02__outside_talking_still_laughing__MCRFMYAE.mp4,0,31,0,31,0,100,100,0
15_02__outside_talking_still_laughing__P2FAY3DR.mp4,0,31,0,31,0,100,100,0
15_02__podium_speech_happy__I8G2LWD1.mp4,1,2,29,31,0,0,6.451612903,93.5483871
15_02__podium_speech_happy__MZWH8ATN.mp4,1,3,28,31,0,0,9.677419355,90.32258065
15_02__podium_speech_happy__N864L40U.mp4,1,0,31,31,0,0,0,100
15_02__podium_speech_happy__TSRK8QS4.mp4,1,4,27,31,0,0,12.90322581,87.09677419
15_02__podium_speech_happy__XNJIS4S3.mp4,1,3,28,31,0,0,9.677419355,90.32258065
15_02__talking_against_wall__HTG660F8.mp4,1,0,31,31,0,0,0,100
15_02__talking_against_wall__I8G2LWD1.mp4,1,0,31,31,0,0,0,100
15_02__talking_against_wall__MZWH8ATN.mp4,1,0,31,31,0,0,0,100
15_02__talking_against_wall__P2FAY3DR.mp4,1,0,31,31,0,0,0,100
15_02__talking_against_wall__TN2CWM3K.mp4,1,0,31,31,0,0,0,100
15_02__talking_against_wall__TSRK8QS4.mp4,1,0,31,31,0,0,0,100
15_02__talking_angry_couch__HTG660F8.mp4,1,0,31,31,0,0,0,100
15_02__talking_angry_couch__I8G2LWD1.mp4,1,0,31,31,0,0,0,100
15_02__walking_and_outside_surprised__HTG660F8.mp4,1,0,31,31,0,0,0,100
15_02__walking_and_outside_surprised__I8G2LWD1.mp4,1,0,31,31,0,0,0,100
15_02__walking_and_outside_surprised__MZWH8ATN.mp4,1,0,31,31,0,0,0,100
15_02__walking_and_outside_surprised__N864L40U.mp4,1,0,31,31,0,0,0,100
15_02__walking_down_indoor_hall_disgust__HTG660F8.mp4,1,0,31,31,0,0,0,100
15_02__walking_down_street_outside_angry__I8G2LWD1.mp4,1,0,31,31,0,0,0,100
15_02__walking_down_street_outside_angry__MZWH8ATN.mp4,1,0,31,31,0,0,0,100
15_02__walking_down_street_outside_angry__QYSDT9SO.mp4,1,0,31,31,0,0,0,100
15_02__walking_outside_cafe_disgusted__HTG660F8.mp4,0,17,14,31,0,100,54.83870968,45.16129032
15_02__walking_outside_cafe_disgusted__MZWH8ATN.mp4,0,17,14,31,0,100,54.83870968,45.16129032
15_02__walking_outside_cafe_disgusted__P2FAY3DR.mp4,0,18,13,31,0,100,58.06451613,41.93548387
15_02__walk_down_hall_angry__HTG660F8.mp4,0,30,1,31,0,100,96.77419355,3.225806452
15_03__exit_phone_room__GZNLO4X9.mp4,0,29,2,31,0,100,93.5483871,6.451612903
15_03__exit_phone_room__OY4I7ZU8.mp4,0,29,2,31,0,100,93.5483871,6.451612903
15_03__hugging_happy__T5SHH2UL.mp4,1,0,31,31,0,0,0,100
15_03__kitchen_pan__5C1OMK8W.mp4,0,17,14,31,0,100,54.83870968,45.16129032
15_03__kitchen_pan__AIOM1U5V.mp4,0,19,12,31,0,100,61.29032258,38.70967742
15_03__kitchen_pan__DG8ITQO3.mp4,0,18,13,31,0,100,58.06451613,41.93548387
15_03__kitchen_still__OY4I7ZU8.mp4,0,31,0,31,0,100,100,0
15_03__outside_talking_pan_laughing__AIOM1U5V.mp4,0,26,5,31,0,100,83.87096774,16.12903226
15_03__outside_talking_pan_laughing__GZNLO4X9.mp4,0,27,4,31,0,100,87.09677419,12.90322581
15_03__outside_talking_still_laughing__Y11NT1YX.mp4,0,31,0,31,0,100,100,0
15_03__podium_speech_happy__OY4I7ZU8.mp4,1,5,26,31,0,0,16.12903226,83.87096774
15_03__podium_speech_happy__Q14RO7M7.mp4,1,4,27,31,0,0,12.90322581,87.09677419
15_03__podium_speech_happy__Y11NT1YX.mp4,1,1,30,31,0,0,3.225806452,96.77419355
15_03__talking_against_wall__Q14RO7M7.mp4,1,0,31,31,0,0,0,100
15_03__talking_angry_couch__5C1OMK8W.mp4,1,0,31,31,0,0,0,100
15_03__talking_angry_couch__DNUJD8M2.mp4,1,0,31,31,0,0,0,100
15_03__talking_angry_couch__T5SHH2UL.mp4,1,0,31,31,0,0,0,100
15_03__walking_and_outside_surprised__DG8ITQO3.mp4,1,0,31,31,0,0,0,100
15_03__walking_and_outside_surprised__OY4I7ZU8.mp4,1,0,31,31,0,0,0,100
15_03__walking_down_indoor_hall_disgust__OY4I7ZU8.mp4,1,0,31,31,0,0,0,100
15_03__walking_down_street_outside_angry__DG8ITQO3.mp4,1,0,31,31,0,0,0,100
15_03__walking_outside_cafe_disgusted__GZNLO4X9.mp4,1,9,22,31,0,0,29.03225806,70.96774194
15_03__walk_down_hall_angry__5C1OMK8W.mp4,0,24,7,31,0,100,77.41935484,22.58064516
15_03__walk_down_hall_angry__AIOM1U5V.mp4,0,31,0,31,0,100,100,0
15_03__walk_down_hall_angry__DNUJD8M2.mp4,0,30,1,31,0,100,96.77419355,3.225806452
15_04__kitchen_pan__46TJ9IOJ.mp4,0,20,11,31,0,100,64.51612903,35.48387097
15_04__kitchen_still__46TJ9IOJ.mp4,0,31,0,31,0,100,100,0
15_04__outside_talking_pan_laughing__46TJ9IOJ.mp4,0,30,1,31,0,100,96.77419355,3.225806452
15_04__outside_talking_pan_laughing__7NW4Z6WZ.mp4,0,30,1,31,0,100,96.77419355,3.225806452
15_04__talking_against_wall__46TJ9IOJ.mp4,1,0,31,31,0,0,0,100
15_04__talking_against_wall__7NW4Z6WZ.mp4,1,0,31,31,0,0,0,100
15_04__talking_angry_couch__46TJ9IOJ.mp4,1,0,31,31,0,0,0,100
15_04__walking_and_outside_surprised__46TJ9IOJ.mp4,1,0,31,31,0,0,0,100
15_04__walking_down_indoor_hall_disgust__46TJ9IOJ.mp4,1,0,31,31,0,0,0,100
15_04__walking_down_street_outside_angry__46TJ9IOJ.mp4,1,0,31,31,0,0,0,100
15_04__walking_outside_cafe_disgusted__46TJ9IOJ.mp4,1,15,16,31,0,0,48.38709677,51.61290323
15_04__walk_down_hall_angry__7NW4Z6WZ.mp4,0,31,0,31,0,100,100,0
15_06__exit_phone_room__E98QYYXO.mp4,0,30,1,31,0,100,96.77419355,3.225806452
15_06__exit_phone_room__QRCD27P8.mp4,0,29,2,31,0,100,93.5483871,6.451612903
15_06__hugging_happy__E98QYYXO.mp4,1,0,31,31,0,0,0,100
15_06__hugging_happy__QRCD27P8.mp4,1,0,31,31,0,0,0,100
15_06__kitchen_pan__QRCD27P8.mp4,0,18,13,31,0,100,58.06451613,41.93548387
15_06__kitchen_still__E98QYYXO.mp4,0,31,0,31,0,100,100,0
15_06__kitchen_still__QRCD27P8.mp4,0,31,0,31,0,100,100,0
15_06__outside_talking_pan_laughing__QRCD27P8.mp4,0,27,4,31,0,100,87.09677419,12.90322581
15_06__outside_talking_still_laughing__QRCD27P8.mp4,0,31,0,31,0,100,100,0
15_06__podium_speech_happy__QRCD27P8.mp4,1,0,31,31,0,0,0,100
15_06__talking_against_wall__QRCD27P8.mp4,1,0,31,31,0,0,0,100
15_06__walking_and_outside_surprised__E98QYYXO.mp4,1,0,31,31,0,0,0,100
15_06__walking_and_outside_surprised__QRCD27P8.mp4,1,0,31,31,0,0,0,100
15_06__walking_down_indoor_hall_disgust__QRCD27P8.mp4,1,0,31,31,0,0,0,100
15_06__walking_down_street_outside_angry__YDX3GHFS.mp4,1,0,31,31,0,0,0,100
15_06__walking_outside_cafe_disgusted__QRCD27P8.mp4,0,16,15,31,0,100,51.61290323,48.38709677
15_07__exit_phone_room__UGGRZJ60.mp4,0,29,2,31,0,100,93.5483871,6.451612903
15_07__hugging_happy__9Z2MLKVX.mp4,1,0,31,31,0,0,0,100
15_07__kitchen_still__9Z2MLKVX.mp4,0,31,0,31,0,100,100,0
15_07__outside_talking_still_laughing__8MEZ98NR.mp4,0,31,0,31,0,100,100,0
15_07__outside_talking_still_laughing__KM6M2TBT.mp4,0,31,0,31,0,100,100,0
15_07__podium_speech_happy__KM6M2TBT.mp4,1,0,31,31,0,0,0,100
15_07__walking_down_indoor_hall_disgust__NYPO7U50.mp4,1,0,31,31,0,0,0,100
15_12__hugging_happy__N0SRODQD.mp4,1,0,31,31,0,0,0,100
15_12__kitchen_pan__N0SRODQD.mp4,0,20,11,31,0,100,64.51612903,35.48387097
15_12__kitchen_pan__RK17XFJ9.mp4,0,24,7,31,0,100,77.41935484,22.58064516
15_12__kitchen_still__RK17XFJ9.mp4,0,31,0,31,0,100,100,0
15_12__outside_talking_still_laughing__RK17XFJ9.mp4,0,31,0,31,0,100,100,0
15_12__podium_speech_happy__N0SRODQD.mp4,1,8,23,31,0,0,25.80645161,74.19354839
15_12__talking_angry_couch__N0SRODQD.mp4,1,0,31,31,0,0,0,100
15_12__talking_angry_couch__RK17XFJ9.mp4,1,0,31,31,0,0,0,100
15_12__walking_and_outside_surprised__N0SRODQD.mp4,1,0,31,31,0,0,0,100
15_12__walking_down_indoor_hall_disgust__N0SRODQD.mp4,1,0,31,31,0,0,0,100
15_12__walking_down_indoor_hall_disgust__RK17XFJ9.mp4,1,0,31,31,0,0,0,100
15_12__walking_down_street_outside_angry__N0SRODQD.mp4,1,0,31,31,0,0,0,100
15_12__walk_down_hall_angry__N0SRODQD.mp4,0,30,1,31,0,100,96.77419355,3.225806452
15_13__exit_phone_room__X0EIIJF7.mp4,0,29,2,31,0,100,93.5483871,6.451612903
15_13__hugging_happy__X0EIIJF7.mp4,1,0,31,31,0,0,0,100
15_13__kitchen_pan__X0EIIJF7.mp4,0,29,2,31,0,100,93.5483871,6.451612903
15_13__kitchen_still__X0EIIJF7.mp4,0,31,0,31,0,100,100,0
15_13__outside_talking_pan_laughing__X0EIIJF7.mp4,0,30,1,31,0,100,96.77419355,3.225806452
15_13__outside_talking_still_laughing__X0EIIJF7.mp4,0,31,0,31,0,100,100,0
15_13__walking_down_indoor_hall_disgust__X0EIIJF7.mp4,1,0,31,31,0,0,0,100
15_13__walking_down_street_outside_angry__X0EIIJF7.mp4,1,0,31,31,0,0,0,100
15_13__walking_outside_cafe_disgusted__X0EIIJF7.mp4,1,10,21,31,0,0,32.25806452,67.74193548
15_13__walk_down_hall_angry__X0EIIJF7.mp4,0,31,0,31,0,100,100,0
15_14__exit_phone_room__4SO1CSAM.mp4,0,25,6,31,0,100,80.64516129,19.35483871
15_14__exit_phone_room__OMLZILK3.mp4,0,28,3,31,0,100,90.32258065,9.677419355
15_14__exit_phone_room__RNHLLKSQ.mp4,0,28,3,31,0,100,90.32258065,9.677419355
15_14__hugging_happy__OMLZILK3.mp4,1,0,31,31,0,0,0,100
15_14__kitchen_pan__4SO1CSAM.mp4,0,17,14,31,0,100,54.83870968,45.16129032
15_14__outside_talking_pan_laughing__OMLZILK3.mp4,0,30,1,31,0,100,96.77419355,3.225806452
15_14__outside_talking_still_laughing__RF38N10R.mp4,0,31,0,31,0,100,100,0
15_14__outside_talking_still_laughing__RNHLLKSQ.mp4,0,31,0,31,0,100,100,0
15_14__talking_against_wall__3FRJCJ0V.mp4,1,0,31,31,0,0,0,100
15_14__talking_against_wall__4SO1CSAM.mp4,1,0,31,31,0,0,0,100
15_14__walking_and_outside_surprised__OMLZILK3.mp4,1,0,31,31,0,0,0,100
15_14__walking_down_street_outside_angry__OMLZILK3.mp4,1,0,31,31,0,0,0,100
15_14__walking_outside_cafe_disgusted__RNHLLKSQ.mp4,1,15,16,31,0,0,48.38709677,51.61290323
15_18__kitchen_pan__V5VHLCOW.mp4,0,16,15,31,0,100,51.61290323,48.38709677
15_18__kitchen_still__V5VHLCOW.mp4,0,31,0,31,0,100,100,0
15_18__outside_talking_pan_laughing__V5VHLCOW.mp4,0,30,1,31,0,100,96.77419355,3.225806452
15_18__outside_talking_still_laughing__V5VHLCOW.mp4,0,31,0,31,0,100,100,0
15_18__talking_angry_couch__V5VHLCOW.mp4,1,0,31,31,0,0,0,100
15_18__walking_and_outside_surprised__V5VHLCOW.mp4,1,0,31,31,0,0,0,100
15_18__walking_down_indoor_hall_disgust__V5VHLCOW.mp4,1,0,31,31,0,0,0,100
15_18__walking_down_street_outside_angry__V5VHLCOW.mp4,1,0,31,31,0,0,0,100
15_18__walk_down_hall_angry__V5VHLCOW.mp4,0,24,7,31,0,100,77.41935484,22.58064516
15_20__hugging_happy__99NHTFBM.mp4,1,0,31,31,0,0,0,100
15_20__kitchen_pan__99NHTFBM.mp4,0,24,7,31,0,100,77.41935484,22.58064516
15_20__outside_talking_pan_laughing__99NHTFBM.mp4,0,29,2,31,0,100,93.5483871,6.451612903
15_20__outside_talking_still_laughing__99NHTFBM.mp4,0,31,0,31,0,100,100,0
15_20__podium_speech_happy__99NHTFBM.mp4,1,8,23,31,0,0,25.80645161,74.19354839
15_20__talking_angry_couch__99NHTFBM.mp4,1,0,31,31,0,0,0,100
15_20__walking_down_indoor_hall_disgust__99NHTFBM.mp4,1,0,31,31,0,0,0,100
15_20__walking_down_indoor_hall_disgust__CYD62VPP.mp4,1,0,31,31,0,0,0,100
15_20__walking_outside_cafe_disgusted__99NHTFBM.mp4,1,15,16,31,0,0,48.38709677,51.61290323
15_21__exit_phone_room__87WSBJP3.mp4,0,29,2,31,0,100,93.5483871,6.451612903
15_21__exit_phone_room__JDPD580N.mp4,0,29,2,31,0,100,93.5483871,6.451612903
15_21__hugging_happy__87WSBJP3.mp4,1,0,31,31,0,0,0,100
15_21__kitchen_pan__87WSBJP3.mp4,1,15,16,31,0,0,48.38709677,51.61290323
15_21__outside_talking_pan_laughing__87WSBJP3.mp4,0,24,7,31,0,100,77.41935484,22.58064516
15_21__talking_against_wall__87WSBJP3.mp4,1,0,31,31,0,0,0,100
15_21__talking_angry_couch__JDPD580N.mp4,1,0,31,31,0,0,0,100
15_21__walking_down_indoor_hall_disgust__87WSBJP3.mp4,1,0,31,31,0,0,0,100
15_21__walking_outside_cafe_disgusted__87WSBJP3.mp4,0,17,14,31,0,100,54.83870968,45.16129032
15_25__outside_talking_pan_laughing__BXVA6VQB.mp4,0,31,0,31,0,100,100,0
15_25__talking_angry_couch__FF95NMIQ.mp4,1,0,31,31,0,0,0,100
15_25__walking_down_street_outside_angry__FF95NMIQ.mp4,1,0,31,31,0,0,0,100
15_25__walking_outside_cafe_disgusted__BXVA6VQB.mp4,1,14,17,31,0,0,45.16129032,54.83870968
15_26__walking_down_street_outside_angry__JHMUZFIJ.mp4,1,0,31,31,0,0,0,100
15_27__outside_talking_still_laughing__WZ4MLUAV.mp4,0,31,0,31,0,100,100,0
15_27__podium_speech_happy__2ERUWYH8.mp4,1,2,29,31,0,0,6.451612903,93.5483871
16_05__exit_phone_room__4MEM6YNQ.mp4,0,31,0,31,0,100,100,0
16_05__hugging_happy__053HPS1G.mp4,1,7,24,31,0,0,22.58064516,77.41935484
16_05__hugging_happy__V7BK27TX.mp4,1,11,20,31,0,0,35.48387097,64.51612903
16_05__kitchen_still__053HPS1G.mp4,0,21,10,31,0,100,67.74193548,32.25806452
16_05__outside_talking_pan_laughing__053HPS1G.mp4,0,31,0,31,0,100,100,0
16_05__podium_speech_happy__053HPS1G.mp4,0,31,0,31,0,100,100,0
16_05__podium_speech_happy__SYY41YGX.mp4,0,31,0,31,0,100,100,0
16_05__walking_down_street_outside_angry__94435UY3.mp4,1,0,31,31,0,0,0,100
16_05__walking_down_street_outside_angry__BY646B4R.mp4,1,0,31,31,0,0,0,100
16_05__walking_outside_cafe_disgusted__053HPS1G.mp4,0,28,3,31,0,100,90.32258065,9.677419355
16_05__walking_outside_cafe_disgusted__94435UY3.mp4,0,30,1,31,0,100,96.77419355,3.225806452
16_05__walk_down_hall_angry__O56DDU3S.mp4,0,31,0,31,0,100,100,0
16_05__walk_down_hall_angry__V7BK27TX.mp4,0,31,0,31,0,100,100,0
16_08__exit_phone_room__8Q7JCS95.mp4,0,31,0,31,0,100,100,0
16_08__hugging_happy__8Q7JCS95.mp4,1,7,24,31,0,0,22.58064516,77.41935484
16_08__kitchen_pan__8Q7JCS95.mp4,0,31,0,31,0,100,100,0
16_08__kitchen_still__8Q7JCS95.mp4,0,26,5,31,0,100,83.87096774,16.12903226
16_08__podium_speech_happy__8Q7JCS95.mp4,0,31,0,31,0,100,100,0
16_08__talking_against_wall__8Q7JCS95.mp4,0,31,0,31,0,100,100,0
16_08__walking_down_indoor_hall_disgust__8Q7JCS95.mp4,1,0,31,31,0,0,0,100
16_17__exit_phone_room__S7UMSIQV.mp4,0,31,0,31,0,100,100,0
16_17__hugging_happy__S7UMSIQV.mp4,1,8,23,31,0,0,25.80645161,74.19354839
16_17__outside_talking_pan_laughing__EWJJTZHY.mp4,0,31,0,31,0,100,100,0
16_17__outside_talking_pan_laughing__S7UMSIQV.mp4,0,31,0,31,0,100,100,0
16_17__podium_speech_happy__EWJJTZHY.mp4,0,31,0,31,0,100,100,0
16_17__talking_against_wall__S7UMSIQV.mp4,0,31,0,31,0,100,100,0
16_17__walking_down_indoor_hall_disgust__S7UMSIQV.mp4,1,0,31,31,0,0,0,100
16_17__walking_outside_cafe_disgusted__S7UMSIQV.mp4,0,30,1,31,0,100,96.77419355,3.225806452
16_17__walk_down_hall_angry__EWJJTZHY.mp4,0,31,0,31,0,100,100,0
16_17__walk_down_hall_angry__S7UMSIQV.mp4,0,31,0,31,0,100,100,0
16_28__hugging_happy__X5FNCYON.mp4,1,8,23,31,0,0,25.80645161,74.19354839
16_28__kitchen_pan__6DWLCU6T.mp4,0,29,2,31,0,100,93.5483871,6.451612903
16_28__kitchen_still__NAZP864W.mp4,0,16,15,31,0,100,51.61290323,48.38709677
16_28__kitchen_still__U757192N.mp4,0,23,8,31,0,100,74.19354839,25.80645161
16_28__outside_talking_pan_laughing__OANAQYD5.mp4,0,31,0,31,0,100,100,0
16_28__outside_talking_pan_laughing__U757192N.mp4,0,31,0,31,0,100,100,0
16_28__outside_talking_pan_laughing__X5FNCYON.mp4,0,31,0,31,0,100,100,0
16_28__podium_speech_happy__6DWLCU6T.mp4,0,31,0,31,0,100,100,0
16_28__walking_outside_cafe_disgusted__R1QD0XDQ.mp4,0,30,1,31,0,100,96.77419355,3.225806452
17_05__hugging_happy__C4VHXZFY.mp4,1,2,29,31,0,0,6.451612903,93.5483871
17_05__hugging_happy__YTJYYDO9.mp4,1,2,29,31,0,0,6.451612903,93.5483871
17_05__kitchen_pan__C4VHXZFY.mp4,1,9,22,31,0,0,29.03225806,70.96774194
17_05__kitchen_pan__M3H96PDQ.mp4,1,8,23,31,0,0,25.80645161,74.19354839
17_05__talking_against_wall__YTJYYDO9.mp4,1,0,31,31,0,0,0,100
17_05__walk_down_hall_angry__YTJYYDO9.mp4,0,31,0,31,0,100,100,0
17_08__exit_phone_room__CFIY1YEQ.mp4,0,31,0,31,0,100,100,0
17_08__hugging_happy__05AN86QA.mp4,1,2,29,31,0,0,6.451612903,93.5483871
17_08__kitchen_still__ZCEYWYTC.mp4,0,31,0,31,0,100,100,0
17_08__outside_talking_still_laughing__PBVFRHF5.mp4,1,0,31,31,0,0,0,100
17_08__podium_speech_happy__ISS1V0B1.mp4,0,31,0,31,0,100,100,0
17_08__podium_speech_happy__JZYRLJ8T.mp4,0,31,0,31,0,100,100,0
17_08__podium_speech_happy__ZCEYWYTC.mp4,0,31,0,31,0,100,100,0
17_08__talking_against_wall__ISS1V0B1.mp4,1,0,31,31,0,0,0,100
17_08__talking_against_wall__QOX5NWIJ.mp4,1,0,31,31,0,0,0,100
17_08__talking_angry_couch__05AN86QA.mp4,1,0,31,31,0,0,0,100
17_08__walking_down_indoor_hall_disgust__JZYRLJ8T.mp4,1,0,31,31,0,0,0,100
17_08__walk_down_hall_angry__ISS1V0B1.mp4,0,31,0,31,0,100,100,0
17_16__exit_phone_room__S7UMSIQV.mp4,0,31,0,31,0,100,100,0
17_16__hugging_happy__S7UMSIQV.mp4,1,1,30,31,0,0,3.225806452,96.77419355
17_16__outside_talking_pan_laughing__EWJJTZHY.mp4,0,21,10,31,0,100,67.74193548,32.25806452
17_16__outside_talking_pan_laughing__S7UMSIQV.mp4,0,23,8,31,0,100,74.19354839,25.80645161
17_16__podium_speech_happy__EWJJTZHY.mp4,0,31,0,31,0,100,100,0
17_16__talking_against_wall__S7UMSIQV.mp4,1,0,31,31,0,0,0,100
17_16__walking_down_indoor_hall_disgust__P141P1QH.mp4,1,0,31,31,0,0,0,100
17_16__walking_down_indoor_hall_disgust__S7UMSIQV.mp4,1,0,31,31,0,0,0,100
17_16__walk_down_hall_angry__EWJJTZHY.mp4,0,29,2,31,0,100,93.5483871,6.451612903
17_16__walk_down_hall_angry__P141P1QH.mp4,0,31,0,31,0,100,100,0
17_16__walk_down_hall_angry__S7UMSIQV.mp4,0,30,1,31,0,100,96.77419355,3.225806452
18_02__exit_phone_room__B95S4G6F.mp4,0,31,0,31,0,100,100,0
18_02__kitchen_pan__OXMEEFUQ.mp4,1,13,18,31,0,0,41.93548387,58.06451613
18_02__kitchen_still__B95S4G6F.mp4,0,31,0,31,0,100,100,0
18_02__outside_talking_still_laughing__OXMEEFUQ.mp4,1,0,31,31,0,0,0,100
18_02__secret_conversation__B95S4G6F.mp4,1,0,31,31,0,0,0,100
18_02__secret_conversation__OXMEEFUQ.mp4,1,0,31,31,0,0,0,100
18_02__walking_down_street_outside_angry__21JTDDEL.mp4,1,0,31,31,0,0,0,100
18_02__walk_down_hall_angry__B95S4G6F.mp4,0,31,0,31,0,100,100,0
18_03__exit_phone_room__22UBC0BS.mp4,0,31,0,31,0,100,100,0
18_03__exit_phone_room__32DBR8L4.mp4,0,23,8,31,0,100,74.19354839,25.80645161
18_03__exit_phone_room__N72YE748.mp4,0,23,8,31,0,100,74.19354839,25.80645161
18_03__kitchen_pan__22UBC0BS.mp4,1,15,16,31,0,0,48.38709677,51.61290323
18_03__kitchen_still__22UBC0BS.mp4,0,31,0,31,0,100,100,0
18_03__outside_talking_pan_laughing__22UBC0BS.mp4,1,1,30,31,0,0,3.225806452,96.77419355
18_03__outside_talking_pan_laughing__32DBR8L4.mp4,1,1,30,31,0,0,3.225806452,96.77419355
18_03__outside_talking_pan_laughing__8HNSXOBW.mp4,1,0,31,31,0,0,0,100
18_03__podium_speech_happy__22UBC0BS.mp4,1,0,31,31,0,0,0,100
18_03__podium_speech_happy__UEC1BI8E.mp4,1,0,31,31,0,0,0,100
18_03__secret_conversation__32DBR8L4.mp4,1,0,31,31,0,0,0,100
18_03__walking_down_street_outside_angry__22UBC0BS.mp4,1,0,31,31,0,0,0,100
18_03__walking_outside_cafe_disgusted__22UBC0BS.mp4,1,0,31,31,0,0,0,100
18_03__walking_outside_cafe_disgusted__UEC1BI8E.mp4,1,0,31,31,0,0,0,100
18_03__walk_down_hall_angry__22UBC0BS.mp4,0,31,0,31,0,100,100,0
18_03__walk_down_hall_angry__N72YE748.mp4,0,31,0,31,0,100,100,0
18_04__exit_phone_room__6J3ZFEJQ.mp4,0,31,0,31,0,100,100,0
18_04__kitchen_pan__6J3ZFEJQ.mp4,1,15,16,31,0,0,48.38709677,51.61290323
18_04__secret_conversation__6J3ZFEJQ.mp4,1,0,31,31,0,0,0,100
18_04__talking_against_wall__6J3ZFEJQ.mp4,1,0,31,31,0,0,0,100
18_04__walking_outside_cafe_disgusted__6J3ZFEJQ.mp4,1,0,31,31,0,0,0,100
18_06__exit_phone_room__H9445M6R.mp4,0,24,7,31,0,100,77.41935484,22.58064516
18_06__kitchen_pan__5HNHMK6G.mp4,1,13,18,31,0,0,41.93548387,58.06451613
18_06__kitchen_pan__XJ76YU5A.mp4,1,11,20,31,0,0,35.48387097,64.51612903
18_06__kitchen_still__XJ76YU5A.mp4,0,31,0,31,0,100,100,0
18_06__outside_talking_pan_laughing__DEA1TCLN.mp4,1,4,27,31,0,0,12.90322581,87.09677419
18_06__outside_talking_pan_laughing__OWJY9LQU.mp4,1,4,27,31,0,0,12.90322581,87.09677419
18_06__outside_talking_still_laughing__DEA1TCLN.mp4,1,0,31,31,0,0,0,100
18_06__podium_speech_happy__DEA1TCLN.mp4,1,0,31,31,0,0,0,100
18_06__podium_speech_happy__M36D0OJT.mp4,1,0,31,31,0,0,0,100
18_06__secret_conversation__DEA1TCLN.mp4,1,0,31,31,0,0,0,100
18_06__talking_against_wall__DEA1TCLN.mp4,1,0,31,31,0,0,0,100
18_06__walking_down_street_outside_angry__MVXBDKGB.mp4,1,0,31,31,0,0,0,100
18_06__walking_down_street_outside_angry__UIQG2RF4.mp4,1,0,31,31,0,0,0,100
18_06__walking_outside_cafe_disgusted__DEA1TCLN.mp4,1,0,31,31,0,0,0,100
18_06__walking_outside_cafe_disgusted__OWJY9LQU.mp4,1,0,31,31,0,0,0,100
18_06__walking_outside_cafe_disgusted__XJ76YU5A.mp4,1,0,31,31,0,0,0,100
18_09__exit_phone_room__3VP8836C.mp4,0,28,3,31,0,100,90.32258065,9.677419355
18_09__kitchen_pan__3VP8836C.mp4,1,15,16,31,0,0,48.38709677,51.61290323
18_09__kitchen_still__3VP8836C.mp4,0,31,0,31,0,100,100,0
18_09__outside_talking_pan_laughing__3VP8836C.mp4,1,2,29,31,0,0,6.451612903,93.5483871
18_09__outside_talking_still_laughing__3VP8836C.mp4,1,0,31,31,0,0,0,100
18_09__walking_down_street_outside_angry__3VP8836C.mp4,1,0,31,31,0,0,0,100
18_09__walking_outside_cafe_disgusted__3VP8836C.mp4,1,0,31,31,0,0,0,100
18_09__walk_down_hall_angry__3VP8836C.mp4,0,31,0,31,0,100,100,0
18_11__kitchen_still__PT4YKO2R.mp4,0,31,0,31,0,100,100,0
18_11__outside_talking_pan_laughing__PT4YKO2R.mp4,1,3,28,31,0,0,9.677419355,90.32258065
18_11__outside_talking_pan_laughing__TRJUIS24.mp4,1,3,28,31,0,0,9.677419355,90.32258065
18_11__podium_speech_happy__DBSWZLXL.mp4,1,0,31,31,0,0,0,100
18_11__secret_conversation__JJ1YREUN.mp4,1,0,31,31,0,0,0,100
18_11__secret_conversation__PT4YKO2R.mp4,1,0,31,31,0,0,0,100
18_11__talking_against_wall__PT4YKO2R.mp4,1,0,31,31,0,0,0,100
18_11__talking_against_wall__R1NMCHKG.mp4,1,0,31,31,0,0,0,100
18_11__talking_against_wall__Z5MZ8PP7.mp4,1,0,31,31,0,0,0,100
18_11__walking_down_street_outside_angry__PT4YKO2R.mp4,1,0,31,31,0,0,0,100
18_11__walking_outside_cafe_disgusted__TRJUIS24.mp4,1,0,31,31,0,0,0,100
18_11__walk_down_hall_angry__PT4YKO2R.mp4,0,31,0,31,0,100,100,0
18_12__outside_talking_pan_laughing__IKH1LBBY.mp4,1,5,26,31,0,0,16.12903226,83.87096774
18_12__outside_talking_still_laughing__IKH1LBBY.mp4,1,0,31,31,0,0,0,100
18_12__talking_against_wall__IKH1LBBY.mp4,1,0,31,31,0,0,0,100
18_12__walking_outside_cafe_disgusted__IKH1LBBY.mp4,1,0,31,31,0,0,0,100
18_13__outside_talking_still_laughing__3II4T6H5.mp4,1,0,31,31,0,0,0,100
18_14__exit_phone_room__0YRBHIKG.mp4,0,22,9,31,0,100,70.96774194,29.03225806
18_14__exit_phone_room__6SB2BR0A.mp4,0,24,7,31,0,100,77.41935484,22.58064516
18_14__exit_phone_room__MAEROFMR.mp4,0,26,5,31,0,100,83.87096774,16.12903226
18_14__kitchen_pan__A5A1Q467.mp4,1,14,17,31,0,0,45.16129032,54.83870968
18_14__kitchen_still__0YRBHIKG.mp4,0,31,0,31,0,100,100,0
18_14__kitchen_still__A5A1Q467.mp4,0,31,0,31,0,100,100,0
18_14__outside_talking_still_laughing__6SB2BR0A.mp4,1,0,31,31,0,0,0,100
18_14__podium_speech_happy__0YRBHIKG.mp4,1,0,31,31,0,0,0,100
18_14__secret_conversation__A5A1Q467.mp4,1,0,31,31,0,0,0,100
18_14__secret_conversation__HYMNQ00Q.mp4,1,0,31,31,0,0,0,100
18_14__secret_conversation__MAEROFMR.mp4,1,0,31,31,0,0,0,100
18_14__talking_against_wall__0YRBHIKG.mp4,1,0,31,31,0,0,0,100
18_14__talking_against_wall__A5A1Q467.mp4,1,0,31,31,0,0,0,100
18_14__walking_outside_cafe_disgusted__0YRBHIKG.mp4,1,0,31,31,0,0,0,100
18_14__walk_down_hall_angry__A5A1Q467.mp4,0,31,0,31,0,100,100,0
18_15__kitchen_pan__V5VHLCOW.mp4,1,12,19,31,0,0,38.70967742,61.29032258
18_15__kitchen_still__V5VHLCOW.mp4,0,31,0,31,0,100,100,0
18_15__outside_talking_pan_laughing__V5VHLCOW.mp4,1,4,27,31,0,0,12.90322581,87.09677419
18_15__outside_talking_still_laughing__V5VHLCOW.mp4,1,0,31,31,0,0,0,100
18_15__secret_conversation__V5VHLCOW.mp4,1,0,31,31,0,0,0,100
18_15__walking_down_street_outside_angry__V5VHLCOW.mp4,1,0,31,31,0,0,0,100
18_15__walk_down_hall_angry__V5VHLCOW.mp4,0,31,0,31,0,100,100,0
18_20__outside_talking_pan_laughing__8BMQOD7S.mp4,1,4,27,31,0,0,12.90322581,87.09677419
18_20__walking_outside_cafe_disgusted__8BMQOD7S.mp4,1,0,31,31,0,0,0,100
18_21__outside_talking_pan_laughing__PQFTWVRQ.mp4,1,3,28,31,0,0,9.677419355,90.32258065
18_25__exit_phone_room__AUC0HY5T.mp4,0,28,3,31,0,100,90.32258065,9.677419355
18_25__outside_talking_pan_laughing__41UL3HO6.mp4,1,6,25,31,0,0,19.35483871,80.64516129
18_25__outside_talking_pan_laughing__AUC0HY5T.mp4,1,2,29,31,0,0,6.451612903,93.5483871
18_25__outside_talking_pan_laughing__SEGFKFJG.mp4,1,3,28,31,0,0,9.677419355,90.32258065
18_25__podium_speech_happy__SEGFKFJG.mp4,1,0,31,31,0,0,0,100
18_25__talking_against_wall__SEGFKFJG.mp4,1,0,31,31,0,0,0,100
18_25__walking_down_street_outside_angry__41UL3HO6.mp4,1,0,31,31,0,0,0,100
18_25__walking_outside_cafe_disgusted__SEGFKFJG.mp4,1,0,31,31,0,0,0,100
18_25__walk_down_hall_angry__AUC0HY5T.mp4,0,31,0,31,0,100,100,0
18_26__exit_phone_room__AI94QW74.mp4,0,31,0,31,0,100,100,0
18_26__kitchen_still__C9VUQS9O.mp4,0,31,0,31,0,100,100,0
18_26__kitchen_still__UMEX6HWU.mp4,0,31,0,31,0,100,100,0
18_26__outside_talking_still_laughing__AI94QW74.mp4,1,0,31,31,0,0,0,100
18_26__outside_talking_still_laughing__UMEX6HWU.mp4,1,0,31,31,0,0,0,100
18_26__podium_speech_happy__C9VUQS9O.mp4,1,0,31,31,0,0,0,100
18_26__podium_speech_happy__UMEX6HWU.mp4,1,0,31,31,0,0,0,100
18_26__secret_conversation__UMEX6HWU.mp4,1,0,31,31,0,0,0,100
18_26__talking_against_wall__AI94QW74.mp4,1,0,31,31,0,0,0,100
18_26__talking_against_wall__UMEX6HWU.mp4,1,0,31,31,0,0,0,100
18_26__walking_down_street_outside_angry__UMEX6HWU.mp4,1,0,31,31,0,0,0,100
18_26__walking_outside_cafe_disgusted__UMEX6HWU.mp4,1,0,31,31,0,0,0,100
18_26__walk_down_hall_angry__AI94QW74.mp4,0,31,0,31,0,100,100,0
18_26__walk_down_hall_angry__C9VUQS9O.mp4,0,31,0,31,0,100,100,0
18_26__walk_down_hall_angry__UMEX6HWU.mp4,0,31,0,31,0,100,100,0
18_27__kitchen_pan__BSOLX3SI.mp4,1,13,18,31,0,0,41.93548387,58.06451613
18_27__kitchen_pan__G7OOOUCX.mp4,1,12,19,31,0,0,38.70967742,61.29032258
18_27__kitchen_pan__GRZ07XTD.mp4,1,12,19,31,0,0,38.70967742,61.29032258
18_27__kitchen_still__NYHE8D0J.mp4,0,31,0,31,0,100,100,0
18_27__outside_talking_pan_laughing__NYHE8D0J.mp4,1,4,27,31,0,0,12.90322581,87.09677419
18_27__outside_talking_still_laughing__G7OOOUCX.mp4,1,0,31,31,0,0,0,100
18_27__outside_talking_still_laughing__NYHE8D0J.mp4,1,0,31,31,0,0,0,100
18_27__talking_against_wall__NYHE8D0J.mp4,1,0,31,31,0,0,0,100
18_27__walking_outside_cafe_disgusted__NYHE8D0J.mp4,1,0,31,31,0,0,0,100
18_27__walk_down_hall_angry__BSOLX3SI.mp4,0,31,0,31,0,100,100,0
18_27__walk_down_hall_angry__NYHE8D0J.mp4,0,31,0,31,0,100,100,0
19_10__exit_phone_room__BVVPN5D5.mp4,0,31,0,31,0,100,100,0
19_10__exit_phone_room__IDX76N5R.mp4,0,31,0,31,0,100,100,0
19_10__kitchen_still__IDX76N5R.mp4,0,29,2,31,0,100,93.5483871,6.451612903
19_10__outside_talking_pan_laughing__FFXB67PI.mp4,1,7,24,31,0,0,22.58064516,77.41935484
19_10__podium_speech_happy__FFXB67PI.mp4,0,31,0,31,0,100,100,0
19_10__talking_against_wall__O2IKR6YM.mp4,1,8,23,31,0,0,25.80645161,74.19354839
19_10__talking_angry_couch__BVVPN5D5.mp4,1,0,31,31,0,0,0,100
19_10__walking_down_street_outside_angry__O2IKR6YM.mp4,1,0,31,31,0,0,0,100
19_10__walking_down_street_outside_angry__QNZIMEJH.mp4,1,0,31,31,0,0,0,100
19_10__walk_down_hall_angry__BVVPN5D5.mp4,0,31,0,31,0,100,100,0
19_22__kitchen_still__VK6BF5NV.mp4,0,31,0,31,0,100,100,0
19_22__outside_talking_pan_laughing__VK6BF5NV.mp4,1,7,24,31,0,0,22.58064516,77.41935484
19_22__talking_against_wall__VK6BF5NV.mp4,1,8,23,31,0,0,25.80645161,74.19354839
19_22__walking_outside_cafe_disgusted__VK6BF5NV.mp4,0,24,7,31,0,100,77.41935484,22.58064516
19_22__walk_down_hall_angry__VK6BF5NV.mp4,0,31,0,31,0,100,100,0
19_23__kitchen_pan__H4SUVFTL.mp4,0,30,1,31,0,100,96.77419355,3.225806452
19_23__kitchen_pan__WHQ1229T.mp4,0,31,0,31,0,100,100,0
19_23__kitchen_still__WHQ1229T.mp4,0,31,0,31,0,100,100,0
19_23__outside_talking_pan_laughing__H4SUVFTL.mp4,1,5,26,31,0,0,16.12903226,83.87096774
19_23__podium_speech_happy__D1K19NUP.mp4,0,31,0,31,0,100,100,0
19_23__secret_conversation__D1K19NUP.mp4,0,16,15,31,0,100,51.61290323,48.38709677
19_23__secret_conversation__H4SUVFTL.mp4,1,15,16,31,0,0,48.38709677,51.61290323
19_23__talking_against_wall__H4SUVFTL.mp4,1,5,26,31,0,0,16.12903226,83.87096774
19_23__talking_angry_couch__F7U8UY7V.mp4,1,0,31,31,0,0,0,100
19_23__talking_angry_couch__WHQ1229T.mp4,1,0,31,31,0,0,0,100
19_23__walking_outside_cafe_disgusted__D1K19NUP.mp4,0,24,7,31,0,100,77.41935484,22.58064516
19_23__walking_outside_cafe_disgusted__F7U8UY7V.mp4,0,29,2,31,0,100,93.5483871,6.451612903
19_23__walking_outside_cafe_disgusted__H4SUVFTL.mp4,0,29,2,31,0,100,93.5483871,6.451612903
19_23__walking_outside_cafe_disgusted__WHQ1229T.mp4,0,22,9,31,0,100,70.96774194,29.03225806
19_23__walk_down_hall_angry__F7U8UY7V.mp4,0,31,0,31,0,100,100,0
19_23__walk_down_hall_angry__H4SUVFTL.mp4,0,31,0,31,0,100,100,0
19_24__exit_phone_room__59PN7WZ2.mp4,0,31,0,31,0,100,100,0
19_24__exit_phone_room__QD5K7BP2.mp4,0,31,0,31,0,100,100,0
19_24__kitchen_pan__NPZW2Z9L.mp4,0,31,0,31,0,100,100,0
19_24__kitchen_pan__QD5K7BP2.mp4,0,30,1,31,0,100,96.77419355,3.225806452
19_24__kitchen_still__0ZFOV5ZE.mp4,0,31,0,31,0,100,100,0
19_24__kitchen_still__GNHYZ84G.mp4,0,31,0,31,0,100,100,0
19_24__outside_talking_pan_laughing__59PN7WZ2.mp4,1,6,25,31,0,0,19.35483871,80.64516129
19_24__outside_talking_pan_laughing__OF8LF68K.mp4,1,6,25,31,0,0,19.35483871,80.64516129
19_24__outside_talking_still_laughing__59PN7WZ2.mp4,0,31,0,31,0,100,100,0
19_24__outside_talking_still_laughing__DL7X7M6I.mp4,0,31,0,31,0,100,100,0
19_24__outside_talking_still_laughing__NPZW2Z9L.mp4,0,31,0,31,0,100,100,0
19_24__podium_speech_happy__LVZNRK9S.mp4,0,31,0,31,0,100,100,0
19_24__podium_speech_happy__OF8LF68K.mp4,0,31,0,31,0,100,100,0
19_24__podium_speech_happy__QD5K7BP2.mp4,0,31,0,31,0,100,100,0
19_24__secret_conversation__59PN7WZ2.mp4,1,13,18,31,0,0,41.93548387,58.06451613
19_24__secret_conversation__DL7X7M6I.mp4,1,9,22,31,0,0,29.03225806,70.96774194
19_24__secret_conversation__LVZNRK9S.mp4,1,12,19,31,0,0,38.70967742,61.29032258
19_24__secret_conversation__NPZW2Z9L.mp4,1,10,21,31,0,0,32.25806452,67.74193548
19_24__secret_conversation__QD5K7BP2.mp4,1,13,18,31,0,0,41.93548387,58.06451613
19_24__talking_against_wall__0ZFOV5ZE.mp4,1,7,24,31,0,0,22.58064516,77.41935484
19_24__talking_against_wall__QD5K7BP2.mp4,1,4,27,31,0,0,12.90322581,87.09677419
19_24__talking_angry_couch__W1DEM0XM.mp4,1,0,31,31,0,0,0,100
19_24__walking_down_street_outside_angry__59PN7WZ2.mp4,1,0,31,31,0,0,0,100
19_24__walking_down_street_outside_angry__GNHYZ84G.mp4,1,0,31,31,0,0,0,100
19_24__walking_down_street_outside_angry__QD5K7BP2.mp4,1,0,31,31,0,0,0,100
19_24__walking_outside_cafe_disgusted__RKQTC50P.mp4,0,28,3,31,0,100,90.32258065,9.677419355
19_24__walk_down_hall_angry__59PN7WZ2.mp4,0,31,0,31,0,100,100,0
19_24__walk_down_hall_angry__OF8LF68K.mp4,0,31,0,31,0,100,100,0
19_24__walk_down_hall_angry__QD5K7BP2.mp4,0,31,0,31,0,100,100,0
19_24__walk_down_hall_angry__RKQTC50P.mp4,0,31,0,31,0,100,100,0
19_24__walk_down_hall_angry__W1DEM0XM.mp4,0,31,0,31,0,100,100,0
20_01__hugging_happy__6UBMLXK3.mp4,1,0,31,31,0,0,0,100
20_01__hugging_happy__FW94AIMJ.mp4,1,0,31,31,0,0,0,100
20_01__kitchen_pan__6UBMLXK3.mp4,1,0,31,31,0,0,0,100
20_01__kitchen_still__FW94AIMJ.mp4,1,6,25,31,0,0,19.35483871,80.64516129
20_01__outside_talking_pan_laughing__6UBMLXK3.mp4,1,0,31,31,0,0,0,100
20_01__outside_talking_still_laughing__6UBMLXK3.mp4,1,0,31,31,0,0,0,100
20_01__outside_talking_still_laughing__D8GWGO2A.mp4,1,0,31,31,0,0,0,100
20_01__outside_talking_still_laughing__FW94AIMJ.mp4,1,0,31,31,0,0,0,100
20_01__secret_conversation__6UBMLXK3.mp4,1,0,31,31,0,0,0,100
20_01__secret_conversation__FW94AIMJ.mp4,1,1,30,31,0,0,3.225806452,96.77419355
20_01__talking_angry_couch__6UBMLXK3.mp4,1,0,31,31,0,0,0,100
20_01__talking_angry_couch__FW94AIMJ.mp4,1,0,31,31,0,0,0,100
20_01__walking_and_outside_surprised__6UBMLXK3.mp4,1,0,31,31,0,0,0,100
20_01__walking_and_outside_surprised__OTGHOG4Z.mp4,1,0,31,31,0,0,0,100
20_01__walk_down_hall_angry__FW94AIMJ.mp4,0,29,2,31,0,100,93.5483871,6.451612903
20_03__hugging_happy__Z6V05FXO.mp4,1,0,31,31,0,0,0,100
20_03__outside_talking_pan_laughing__61SVZ2J7.mp4,1,0,31,31,0,0,0,100
20_03__secret_conversation__61SVZ2J7.mp4,1,0,31,31,0,0,0,100
20_03__secret_conversation__Z6V05FXO.mp4,1,0,31,31,0,0,0,100
20_03__talking_against_wall__9NFWR304.mp4,1,0,31,31,0,0,0,100
20_03__talking_angry_couch__61SVZ2J7.mp4,1,0,31,31,0,0,0,100
20_03__talking_angry_couch__9NFWR304.mp4,1,0,31,31,0,0,0,100
20_03__walk_down_hall_angry__61SVZ2J7.mp4,0,31,0,31,0,100,100,0
20_06__hugging_happy__6SUW7063.mp4,1,0,31,31,0,0,0,100
20_06__kitchen_pan__6SUW7063.mp4,1,0,31,31,0,0,0,100
20_06__outside_talking_pan_laughing__6SUW7063.mp4,1,0,31,31,0,0,0,100
20_06__podium_speech_happy__6SUW7063.mp4,0,31,0,31,0,100,100,0
20_06__walk_down_hall_angry__6SUW7063.mp4,0,28,3,31,0,100,90.32258065,9.677419355
20_07__outside_talking_pan_laughing__5VT4USF9.mp4,1,0,31,31,0,0,0,100
20_07__outside_talking_pan_laughing__KV6Q7D6C.mp4,1,0,31,31,0,0,0,100
20_07__outside_talking_still_laughing__5VT4USF9.mp4,1,0,31,31,0,0,0,100
20_07__secret_conversation__5VT4USF9.mp4,1,0,31,31,0,0,0,100
20_07__talking_against_wall__KV6Q7D6C.mp4,1,0,31,31,0,0,0,100
20_07__walking_and_outside_surprised__9I0WSUJV.mp4,1,0,31,31,0,0,0,100
20_07__walk_down_hall_angry__KV6Q7D6C.mp4,0,29,2,31,0,100,93.5483871,6.451612903
20_09__hugging_happy__98NUQ3E6.mp4,1,0,31,31,0,0,0,100
20_09__hugging_happy__RAGUKRMK.mp4,1,0,31,31,0,0,0,100
20_09__kitchen_pan__HG1S0KHA.mp4,1,0,31,31,0,0,0,100
20_09__kitchen_pan__MKEWB4SM.mp4,1,0,31,31,0,0,0,100
20_09__kitchen_still__2E5DNCYI.mp4,1,4,27,31,0,0,12.90322581,87.09677419
20_09__outside_talking_pan_laughing__MKEWB4SM.mp4,1,0,31,31,0,0,0,100
20_09__outside_talking_pan_laughing__O5X0AWR9.mp4,1,0,31,31,0,0,0,100
20_09__outside_talking_still_laughing__98NUQ3E6.mp4,1,0,31,31,0,0,0,100
20_09__outside_talking_still_laughing__9OJQX9KV.mp4,1,0,31,31,0,0,0,100
20_09__outside_talking_still_laughing__MKEWB4SM.mp4,1,0,31,31,0,0,0,100
20_09__podium_speech_happy__RAGUKRMK.mp4,0,31,0,31,0,100,100,0
20_09__talking_angry_couch__0IRM5ADD.mp4,1,0,31,31,0,0,0,100
20_09__walking_down_indoor_hall_disgust__0IRM5ADD.mp4,1,0,31,31,0,0,0,100
20_09__walking_down_indoor_hall_disgust__9OJQX9KV.mp4,1,0,31,31,0,0,0,100
20_09__walking_down_indoor_hall_disgust__RAGUKRMK.mp4,1,0,31,31,0,0,0,100
20_09__walk_down_hall_angry__MKEWB4SM.mp4,0,28,3,31,0,100,90.32258065,9.677419355
20_09__walk_down_hall_angry__RAGUKRMK.mp4,0,28,3,31,0,100,90.32258065,9.677419355
20_11__hugging_happy__GNK9UR8K.mp4,1,0,31,31,0,0,0,100
20_11__kitchen_still__GNK9UR8K.mp4,1,2,29,31,0,0,6.451612903,93.5483871
20_11__outside_talking_still_laughing__GNK9UR8K.mp4,1,0,31,31,0,0,0,100
20_11__secret_conversation__B2H95QXV.mp4,1,0,31,31,0,0,0,100
20_11__walking_down_street_outside_angry__B2H95QXV.mp4,1,0,31,31,0,0,0,100
20_11__walk_down_hall_angry__B2H95QXV.mp4,0,31,0,31,0,100,100,0
20_12__kitchen_pan__B0X1CGG2.mp4,1,0,31,31,0,0,0,100
20_12__kitchen_still__VD7BCF1U.mp4,1,4,27,31,0,0,12.90322581,87.09677419
20_12__outside_talking_pan_laughing__VD7BCF1U.mp4,1,0,31,31,0,0,0,100
20_12__outside_talking_still_laughing__GHPWDH3C.mp4,1,1,30,31,0,0,3.225806452,96.77419355
20_12__secret_conversation__B0X1CGG2.mp4,1,0,31,31,0,0,0,100
20_12__talking_against_wall__GHPWDH3C.mp4,1,0,31,31,0,0,0,100
20_12__walking_down_indoor_hall_disgust__GHPWDH3C.mp4,1,0,31,31,0,0,0,100
20_12__walk_down_hall_angry__B0X1CGG2.mp4,0,29,2,31,0,100,93.5483871,6.451612903
20_13__exit_phone_room__C50CSOEX.mp4,0,31,0,31,0,100,100,0
20_13__hugging_happy__4RU7I77X.mp4,1,0,31,31,0,0,0,100
20_13__hugging_happy__C50CSOEX.mp4,1,0,31,31,0,0,0,100
20_13__hugging_happy__EV1V4ZQV.mp4,1,0,31,31,0,0,0,100
20_13__hugging_happy__HQHYKNGK.mp4,1,0,31,31,0,0,0,100
20_13__kitchen_pan__4SAX54BT.mp4,1,0,31,31,0,0,0,100
20_13__kitchen_pan__HQHYKNGK.mp4,1,0,31,31,0,0,0,100
20_13__kitchen_still__2994SNXH.mp4,1,5,26,31,0,0,16.12903226,83.87096774
20_13__kitchen_still__EV1V4ZQV.mp4,1,5,26,31,0,0,16.12903226,83.87096774
20_13__kitchen_still__NJEO6L5O.mp4,1,6,25,31,0,0,19.35483871,80.64516129
20_13__outside_talking_pan_laughing__C50CSOEX.mp4,1,0,31,31,0,0,0,100
20_13__outside_talking_pan_laughing__LXLR1B6N.mp4,1,0,31,31,0,0,0,100
20_13__outside_talking_still_laughing__LXLR1B6N.mp4,1,0,31,31,0,0,0,100
20_13__podium_speech_happy__C50CSOEX.mp4,0,31,0,31,0,100,100,0
20_13__secret_conversation__4RU7I77X.mp4,1,0,31,31,0,0,0,100
20_13__talking_against_wall__43KAHOT2.mp4,1,0,31,31,0,0,0,100
20_13__talking_against_wall__HQHYKNGK.mp4,1,0,31,31,0,0,0,100
20_13__talking_against_wall__U3IPYECM.mp4,1,0,31,31,0,0,0,100
20_13__walking_down_indoor_hall_disgust__NJEO6L5O.mp4,1,0,31,31,0,0,0,100
20_13__walking_down_indoor_hall_disgust__VO2YZXLN.mp4,1,0,31,31,0,0,0,100
20_13__walk_down_hall_angry__43KAHOT2.mp4,0,28,3,31,0,100,90.32258065,9.677419355
20_13__walk_down_hall_angry__4SAX54BT.mp4,0,31,0,31,0,100,100,0
20_13__walk_down_hall_angry__HQHYKNGK.mp4,0,29,2,31,0,100,93.5483871,6.451612903
20_13__walk_down_hall_angry__NJEO6L5O.mp4,0,31,0,31,0,100,100,0
20_14__exit_phone_room__B014BKVO.mp4,0,31,0,31,0,100,100,0
20_14__hugging_happy__B014BKVO.mp4,1,0,31,31,0,0,0,100
20_14__kitchen_pan__R7SPX6OK.mp4,1,0,31,31,0,0,0,100
20_14__outside_talking_pan_laughing__R7SPX6OK.mp4,1,0,31,31,0,0,0,100
20_14__podium_speech_happy__B014BKVO.mp4,0,31,0,31,0,100,100,0
20_14__podium_speech_happy__R7SPX6OK.mp4,0,31,0,31,0,100,100,0
20_14__secret_conversation__3HWOJRAM.mp4,1,0,31,31,0,0,0,100
20_14__secret_conversation__B014BKVO.mp4,1,0,31,31,0,0,0,100
20_14__talking_against_wall__R7SPX6OK.mp4,1,0,31,31,0,0,0,100
20_14__talking_angry_couch__B014BKVO.mp4,1,0,31,31,0,0,0,100
20_14__talking_angry_couch__R7SPX6OK.mp4,1,0,31,31,0,0,0,100
20_14__walking_and_outside_surprised__B014BKVO.mp4,1,0,31,31,0,0,0,100
20_14__walking_down_indoor_hall_disgust__R7SPX6OK.mp4,1,0,31,31,0,0,0,100
20_14__walking_down_street_outside_angry__3HWOJRAM.mp4,1,0,31,31,0,0,0,100
20_14__walking_down_street_outside_angry__B014BKVO.mp4,1,0,31,31,0,0,0,100
20_14__walk_down_hall_angry__B014BKVO.mp4,0,31,0,31,0,100,100,0
20_14__walk_down_hall_angry__R7SPX6OK.mp4,0,29,2,31,0,100,93.5483871,6.451612903
20_15__hugging_happy__99NHTFBM.mp4,1,0,31,31,0,0,0,100
20_15__kitchen_pan__99NHTFBM.mp4,1,0,31,31,0,0,0,100
20_15__outside_talking_pan_laughing__99NHTFBM.mp4,1,0,31,31,0,0,0,100
20_15__outside_talking_still_laughing__99NHTFBM.mp4,1,0,31,31,0,0,0,100
20_15__podium_speech_happy__99NHTFBM.mp4,0,31,0,31,0,100,100,0
20_15__secret_conversation__99NHTFBM.mp4,1,0,31,31,0,0,0,100
20_15__talking_angry_couch__99NHTFBM.mp4,1,0,31,31,0,0,0,100
20_15__walking_down_indoor_hall_disgust__99NHTFBM.mp4,1,0,31,31,0,0,0,100
20_15__walking_down_indoor_hall_disgust__CYD62VPP.mp4,1,0,31,31,0,0,0,100
20_15__walking_outside_cafe_disgusted__99NHTFBM.mp4,1,1,30,31,0,0,3.225806452,96.77419355
20_18__hugging_happy__8BMQOD7S.mp4,1,0,31,31,0,0,0,100
20_18__outside_talking_pan_laughing__8BMQOD7S.mp4,1,0,31,31,0,0,0,100
20_18__walking_down_indoor_hall_disgust__8BMQOD7S.mp4,1,0,31,31,0,0,0,100
20_18__walking_outside_cafe_disgusted__8BMQOD7S.mp4,1,0,31,31,0,0,0,100
20_21__hugging_happy__ZCB5OMEW.mp4,1,0,31,31,0,0,0,100
20_21__kitchen_still__ZCB5OMEW.mp4,1,4,27,31,0,0,12.90322581,87.09677419
20_21__secret_conversation__ZCB5OMEW.mp4,1,0,31,31,0,0,0,100
20_21__walking_and_outside_surprised__5LWO5ZDA.mp4,1,0,31,31,0,0,0,100
20_21__walking_down_indoor_hall_disgust__ZCB5OMEW.mp4,1,0,31,31,0,0,0,100
20_21__walking_down_street_outside_angry__ZCB5OMEW.mp4,1,0,31,31,0,0,0,100
20_21__walking_outside_cafe_disgusted__5LWO5ZDA.mp4,1,1,30,31,0,0,3.225806452,96.77419355
20_21__walk_down_hall_angry__ZCB5OMEW.mp4,0,31,0,31,0,100,100,0
20_25__exit_phone_room__M86GQTHK.mp4,0,31,0,31,0,100,100,0
20_25__exit_phone_room__MUS0X71T.mp4,0,30,1,31,0,100,96.77419355,3.225806452
20_25__exit_phone_room__RSCD7KXO.mp4,0,31,0,31,0,100,100,0
20_25__hugging_happy__CYKLS79C.mp4,1,0,31,31,0,0,0,100
20_25__hugging_happy__M86GQTHK.mp4,1,0,31,31,0,0,0,100
20_25__hugging_happy__RSCD7KXO.mp4,1,0,31,31,0,0,0,100
20_25__outside_talking_pan_laughing__M86GQTHK.mp4,1,0,31,31,0,0,0,100
20_25__outside_talking_still_laughing__DW2L6D2V.mp4,1,0,31,31,0,0,0,100
20_25__outside_talking_still_laughing__FZHCQNKV.mp4,1,0,31,31,0,0,0,100
20_25__outside_talking_still_laughing__M786RTSM.mp4,1,0,31,31,0,0,0,100
20_25__outside_talking_still_laughing__M86GQTHK.mp4,1,0,31,31,0,0,0,100
20_25__outside_talking_still_laughing__RSCD7KXO.mp4,1,0,31,31,0,0,0,100
20_25__talking_against_wall__AMY6M1KL.mp4,1,0,31,31,0,0,0,100
20_25__talking_against_wall__MUS0X71T.mp4,1,0,31,31,0,0,0,100
20_25__talking_against_wall__NPM0ENKD.mp4,1,0,31,31,0,0,0,100
20_25__walking_and_outside_surprised__RSCD7KXO.mp4,1,0,31,31,0,0,0,100
20_25__walking_down_indoor_hall_disgust__M86GQTHK.mp4,1,0,31,31,0,0,0,100
20_25__walking_down_street_outside_angry__ZG0SRZOA.mp4,1,0,31,31,0,0,0,100
20_25__walking_outside_cafe_disgusted__AMY6M1KL.mp4,1,0,31,31,0,0,0,100
20_25__walk_down_hall_angry__DW2L6D2V.mp4,0,28,3,31,0,100,90.32258065,9.677419355
20_25__walk_down_hall_angry__NPM0ENKD.mp4,0,31,0,31,0,100,100,0
20_26__kitchen_pan__1UEDQ3GY.mp4,1,0,31,31,0,0,0,100
20_26__kitchen_pan__34DJQS3E.mp4,1,0,31,31,0,0,0,100
20_26__kitchen_pan__C8GN41DU.mp4,1,0,31,31,0,0,0,100
20_26__kitchen_still__34DJQS3E.mp4,1,7,24,31,0,0,22.58064516,77.41935484
20_26__outside_talking_pan_laughing__01OJA93K.mp4,1,0,31,31,0,0,0,100
20_26__outside_talking_pan_laughing__1UEDQ3GY.mp4,1,0,31,31,0,0,0,100
20_26__outside_talking_pan_laughing__2VS0S1P5.mp4,1,0,31,31,0,0,0,100
20_26__outside_talking_pan_laughing__KGFLR0PH.mp4,1,0,31,31,0,0,0,100
20_26__podium_speech_happy__1UEDQ3GY.mp4,0,31,0,31,0,100,100,0
20_26__podium_speech_happy__2VS0S1P5.mp4,0,31,0,31,0,100,100,0
20_26__secret_conversation__34DJQS3E.mp4,1,0,31,31,0,0,0,100
20_26__secret_conversation__C8GN41DU.mp4,1,0,31,31,0,0,0,100
20_26__talking_against_wall__KGFLR0PH.mp4,1,0,31,31,0,0,0,100
20_26__talking_angry_couch__01OJA93K.mp4,1,0,31,31,0,0,0,100
20_26__talking_angry_couch__34DJQS3E.mp4,1,0,31,31,0,0,0,100
20_26__talking_angry_couch__XWMKFMF6.mp4,1,0,31,31,0,0,0,100
20_27__kitchen_pan__LM907ECA.mp4,1,0,31,31,0,0,0,100
20_27__walking_and_outside_surprised__LM907ECA.mp4,1,0,31,31,0,0,0,100
20_27__walk_down_hall_angry__LM907ECA.mp4,0,28,3,31,0,100,90.32258065,9.677419355
21_01__kitchen_pan__03X7CELV.mp4,0,18,13,31,0,100,58.06451613,41.93548387
21_01__outside_talking_pan_laughing__03X7CELV.mp4,0,31,0,31,0,100,100,0
21_01__talking_angry_couch__03X7CELV.mp4,1,0,31,31,0,0,0,100
21_01__walk_down_hall_angry__03X7CELV.mp4,0,31,0,31,0,100,100,0
21_02__kitchen_pan__Z0XHPQAR.mp4,0,22,9,31,0,100,70.96774194,29.03225806
21_02__outside_talking_still_laughing__Z0XHPQAR.mp4,0,31,0,31,0,100,100,0
21_02__talking_angry_couch__Z0XHPQAR.mp4,1,0,31,31,0,0,0,100
21_03__exit_phone_room__V53E3RVB.mp4,0,31,0,31,0,100,100,0
21_03__exit_phone_room__YCSEBZO4.mp4,0,30,1,31,0,100,96.77419355,3.225806452
21_03__hugging_happy__TEV3HIHZ.mp4,1,0,31,31,0,0,0,100
21_03__kitchen_pan__YCSEBZO4.mp4,0,17,14,31,0,100,54.83870968,45.16129032
21_03__kitchen_still__V53E3RVB.mp4,1,4,27,31,0,0,12.90322581,87.09677419
21_03__kitchen_still__YCSEBZO4.mp4,1,0,31,31,0,0,0,100
21_03__outside_talking_pan_laughing__YCSEBZO4.mp4,0,29,2,31,0,100,93.5483871,6.451612903
21_03__outside_talking_still_laughing__V53E3RVB.mp4,0,31,0,31,0,100,100,0
21_03__outside_talking_still_laughing__YCSEBZO4.mp4,0,31,0,31,0,100,100,0
21_03__talking_against_wall__YCSEBZO4.mp4,1,0,31,31,0,0,0,100
21_03__walking_down_street_outside_angry__YCSEBZO4.mp4,1,0,31,31,0,0,0,100
21_03__walk_down_hall_angry__TEV3HIHZ.mp4,0,31,0,31,0,100,100,0
21_04__kitchen_pan__PRCQUMY8.mp4,0,23,8,31,0,100,74.19354839,25.80645161
21_04__outside_talking_pan_laughing__HY1VWEJK.mp4,0,28,3,31,0,100,90.32258065,9.677419355
21_04__talking_against_wall__NRI4PHWP.mp4,1,0,31,31,0,0,0,100
21_04__talking_angry_couch__HY1VWEJK.mp4,1,0,31,31,0,0,0,100
21_04__walking_down_street_outside_angry__5Y31RZP8.mp4,1,0,31,31,0,0,0,100
21_06__walking_down_indoor_hall_disgust__058I9NIZ.mp4,1,0,31,31,0,0,0,100
21_06__walking_outside_cafe_disgusted__058I9NIZ.mp4,1,4,27,31,0,0,12.90322581,87.09677419
21_07__exit_phone_room__K7KXUHMU.mp4,0,31,0,31,0,100,100,0
21_07__exit_phone_room__MKU99DVX.mp4,0,31,0,31,0,100,100,0
21_07__hugging_happy__CRGVSDBI.mp4,1,0,31,31,0,0,0,100
21_07__kitchen_pan__K7KXUHMU.mp4,0,17,14,31,0,100,54.83870968,45.16129032
21_07__kitchen_still__K7KXUHMU.mp4,1,0,31,31,0,0,0,100
21_07__kitchen_still__MKU99DVX.mp4,1,0,31,31,0,0,0,100
21_07__outside_talking_still_laughing__K7KXUHMU.mp4,0,31,0,31,0,100,100,0
21_07__talking_against_wall__CRGVSDBI.mp4,1,0,31,31,0,0,0,100
21_07__talking_against_wall__MKU99DVX.mp4,1,0,31,31,0,0,0,100
21_07__talking_angry_couch__MKU99DVX.mp4,1,0,31,31,0,0,0,100
21_07__walking_down_indoor_hall_disgust__CRGVSDBI.mp4,1,0,31,31,0,0,0,100
21_07__walking_down_indoor_hall_disgust__K7KXUHMU.mp4,1,0,31,31,0,0,0,100
21_07__walking_down_indoor_hall_disgust__MKU99DVX.mp4,1,0,31,31,0,0,0,100
21_07__walking_down_street_outside_angry__K7KXUHMU.mp4,1,0,31,31,0,0,0,100
21_07__walking_down_street_outside_angry__MKU99DVX.mp4,1,0,31,31,0,0,0,100
21_09__exit_phone_room__CGIID3GV.mp4,0,31,0,31,0,100,100,0
21_09__exit_phone_room__JEELOMN2.mp4,0,31,0,31,0,100,100,0
21_09__hugging_happy__O9ER29Z6.mp4,1,0,31,31,0,0,0,100
21_09__hugging_happy__Z8H2TRCI.mp4,1,0,31,31,0,0,0,100
21_09__kitchen_pan__JEELOMN2.mp4,0,16,15,31,0,100,51.61290323,48.38709677
21_09__kitchen_pan__WBPEX4CU.mp4,0,24,7,31,0,100,77.41935484,22.58064516
21_09__kitchen_pan__Z8H2TRCI.mp4,1,14,17,31,0,0,45.16129032,54.83870968
21_09__kitchen_still__JEELOMN2.mp4,1,0,31,31,0,0,0,100
21_09__kitchen_still__LBQF8ZN1.mp4,1,0,31,31,0,0,0,100
21_09__kitchen_still__PF4WD2KJ.mp4,1,0,31,31,0,0,0,100
21_09__outside_talking_still_laughing__O9ER29Z6.mp4,0,31,0,31,0,100,100,0
21_09__podium_speech_happy__J7SQKGUR.mp4,1,0,31,31,0,0,0,100
21_09__podium_speech_happy__JEELOMN2.mp4,1,0,31,31,0,0,0,100
21_09__talking_against_wall__JEELOMN2.mp4,1,0,31,31,0,0,0,100
21_09__talking_against_wall__LBQF8ZN1.mp4,1,0,31,31,0,0,0,100
21_09__talking_angry_couch__CGIID3GV.mp4,1,0,31,31,0,0,0,100
21_09__walking_down_indoor_hall_disgust__JEELOMN2.mp4,1,0,31,31,0,0,0,100
21_09__walking_down_street_outside_angry__JEELOMN2.mp4,1,0,31,31,0,0,0,100
21_09__walking_outside_cafe_disgusted__J7SQKGUR.mp4,1,5,26,31,0,0,16.12903226,83.87096774
21_09__walking_outside_cafe_disgusted__JEELOMN2.mp4,1,0,31,31,0,0,0,100
21_09__walking_outside_cafe_disgusted__MDMWQZUP.mp4,1,1,30,31,0,0,3.225806452,96.77419355
21_09__walking_outside_cafe_disgusted__Z8H2TRCI.mp4,1,5,26,31,0,0,16.12903226,83.87096774
21_09__walk_down_hall_angry__WBPEX4CU.mp4,0,30,1,31,0,100,96.77419355,3.225806452
21_11__exit_phone_room__DTBJTNSN.mp4,0,31,0,31,0,100,100,0
21_11__hugging_happy__USLHUQDI.mp4,1,0,31,31,0,0,0,100
21_11__kitchen_pan__N6YQW2AP.mp4,0,26,5,31,0,100,83.87096774,16.12903226
21_11__kitchen_pan__T7DK03O1.mp4,0,27,4,31,0,100,87.09677419,12.90322581
21_11__kitchen_still__T7DK03O1.mp4,1,0,31,31,0,0,0,100
21_11__podium_speech_happy__T7DK03O1.mp4,1,0,31,31,0,0,0,100
21_11__talking_against_wall__DTBJTNSN.mp4,1,2,29,31,0,0,6.451612903,93.5483871
21_11__talking_against_wall__T7DK03O1.mp4,1,0,31,31,0,0,0,100
21_11__talking_angry_couch__T7DK03O1.mp4,1,0,31,31,0,0,0,100
21_11__walking_down_indoor_hall_disgust__T7DK03O1.mp4,1,0,31,31,0,0,0,100
21_11__walking_down_street_outside_angry__USLHUQDI.mp4,1,0,31,31,0,0,0,100
21_11__walking_outside_cafe_disgusted__DU9VH27B.mp4,1,1,30,31,0,0,3.225806452,96.77419355
21_11__walking_outside_cafe_disgusted__T7DK03O1.mp4,1,0,31,31,0,0,0,100
21_11__walk_down_hall_angry__T7DK03O1.mp4,0,30,1,31,0,100,96.77419355,3.225806452
21_11__walk_down_hall_angry__USLHUQDI.mp4,0,30,1,31,0,100,96.77419355,3.225806452
21_12__kitchen_pan__ME7E3R1D.mp4,0,19,12,31,0,100,61.29032258,38.70967742
21_12__kitchen_still__ME7E3R1D.mp4,1,6,25,31,0,0,19.35483871,80.64516129
21_12__outside_talking_pan_laughing__ME7E3R1D.mp4,0,30,1,31,0,100,96.77419355,3.225806452
21_12__walking_and_outside_surprised__J54W3PV1.mp4,1,0,31,31,0,0,0,100
21_14__exit_phone_room__IRKML4J0.mp4,0,31,0,31,0,100,100,0
21_14__hugging_happy__N0WM4GSV.mp4,1,0,31,31,0,0,0,100
21_14__kitchen_still__IRKML4J0.mp4,1,0,31,31,0,0,0,100
21_14__outside_talking_still_laughing__IRKML4J0.mp4,0,30,1,31,0,100,96.77419355,3.225806452
21_14__outside_talking_still_laughing__N0WM4GSV.mp4,0,31,0,31,0,100,100,0
21_14__podium_speech_happy__IRKML4J0.mp4,1,0,31,31,0,0,0,100
21_14__podium_speech_happy__N0WM4GSV.mp4,1,0,31,31,0,0,0,100
21_14__talking_angry_couch__IRKML4J0.mp4,1,0,31,31,0,0,0,100
21_14__talking_angry_couch__N0WM4GSV.mp4,1,0,31,31,0,0,0,100
21_14__walking_and_outside_surprised__N0WM4GSV.mp4,1,0,31,31,0,0,0,100
21_14__walking_down_street_outside_angry__N0WM4GSV.mp4,1,0,31,31,0,0,0,100
21_14__walking_outside_cafe_disgusted__N0WM4GSV.mp4,1,4,27,31,0,0,12.90322581,87.09677419
21_14__walk_down_hall_angry__N0WM4GSV.mp4,0,31,0,31,0,100,100,0
21_15__exit_phone_room__87WSBJP3.mp4,0,31,0,31,0,100,100,0
21_15__hugging_happy__87WSBJP3.mp4,1,0,31,31,0,0,0,100
21_15__kitchen_pan__87WSBJP3.mp4,0,19,12,31,0,100,61.29032258,38.70967742
21_15__outside_talking_pan_laughing__87WSBJP3.mp4,0,29,2,31,0,100,93.5483871,6.451612903
21_15__talking_against_wall__87WSBJP3.mp4,1,1,30,31,0,0,3.225806452,96.77419355
21_15__talking_against_wall__JDPD580N.mp4,1,0,31,31,0,0,0,100
21_15__walking_down_indoor_hall_disgust__87WSBJP3.mp4,1,0,31,31,0,0,0,100
21_15__walking_outside_cafe_disgusted__87WSBJP3.mp4,1,0,31,31,0,0,0,100
21_18__outside_talking_pan_laughing__PQFTWVRQ.mp4,0,29,2,31,0,100,93.5483871,6.451612903
21_18__walking_down_indoor_hall_disgust__PQFTWVRQ.mp4,1,0,31,31,0,0,0,100
21_20__hugging_happy__ZCB5OMEW.mp4,1,0,31,31,0,0,0,100
21_20__kitchen_still__ZCB5OMEW.mp4,1,4,27,31,0,0,12.90322581,87.09677419
21_20__walking_down_indoor_hall_disgust__5LWO5ZDA.mp4,1,0,31,31,0,0,0,100
21_20__walking_down_indoor_hall_disgust__ZCB5OMEW.mp4,1,0,31,31,0,0,0,100
21_20__walking_down_street_outside_angry__ZCB5OMEW.mp4,1,0,31,31,0,0,0,100
21_20__walk_down_hall_angry__ZCB5OMEW.mp4,0,30,1,31,0,100,96.77419355,3.225806452
21_25__hugging_happy__2R46UX3R.mp4,1,0,31,31,0,0,0,100
21_25__hugging_happy__NFBISHIN.mp4,1,0,31,31,0,0,0,100
21_25__outside_talking_pan_laughing__2R46UX3R.mp4,0,29,2,31,0,100,93.5483871,6.451612903
21_25__outside_talking_pan_laughing__NFBISHIN.mp4,0,29,2,31,0,100,93.5483871,6.451612903
21_25__podium_speech_happy__NFBISHIN.mp4,1,0,31,31,0,0,0,100
21_25__talking_against_wall__NFBISHIN.mp4,1,1,30,31,0,0,3.225806452,96.77419355
21_25__talking_angry_couch__NFBISHIN.mp4,1,0,31,31,0,0,0,100
21_25__walking_and_outside_surprised__NFBISHIN.mp4,1,0,31,31,0,0,0,100
21_25__walking_down_indoor_hall_disgust__2R46UX3R.mp4,1,0,31,31,0,0,0,100
21_25__walking_down_street_outside_angry__2R46UX3R.mp4,1,0,31,31,0,0,0,100
21_25__walking_down_street_outside_angry__NFBISHIN.mp4,1,0,31,31,0,0,0,100
21_25__walking_outside_cafe_disgusted__2R46UX3R.mp4,1,1,30,31,0,0,3.225806452,96.77419355
21_25__walking_outside_cafe_disgusted__NFBISHIN.mp4,1,0,31,31,0,0,0,100
21_25__walk_down_hall_angry__NFBISHIN.mp4,0,31,0,31,0,100,100,0
22_10__exit_phone_room__8YQ2EUQP.mp4,0,31,0,31,0,100,100,0
22_10__kitchen_pan__EHARPYBT.mp4,1,2,29,31,0,0,6.451612903,93.5483871
22_10__kitchen_still__1TXK09OY.mp4,0,23,8,31,0,100,74.19354839,25.80645161
22_10__kitchen_still__8YQ2EUQP.mp4,0,22,9,31,0,100,70.96774194,29.03225806
22_10__kitchen_still__J2HR5HKH.mp4,0,23,8,31,0,100,74.19354839,25.80645161
22_10__outside_talking_pan_laughing__1TXK09OY.mp4,1,9,22,31,0,0,29.03225806,70.96774194
22_10__outside_talking_pan_laughing__8YQ2EUQP.mp4,1,6,25,31,0,0,19.35483871,80.64516129
22_10__outside_talking_pan_laughing__PUJR4HJ1.mp4,1,7,24,31,0,0,22.58064516,77.41935484
22_10__outside_talking_still_laughing__J2HR5HKH.mp4,1,0,31,31,0,0,0,100
22_10__podium_speech_happy__FY7YI0AJ.mp4,1,0,31,31,0,0,0,100
22_10__secret_conversation__PUJR4HJ1.mp4,1,0,30,30,0,0,0,100
22_10__talking_against_wall__X803B18R.mp4,1,1,30,31,0,0,3.225806452,96.77419355
22_10__walking_and_outside_surprised__8YQ2EUQP.mp4,1,0,31,31,0,0,0,100
22_10__walking_and_outside_surprised__C1U7OY5M.mp4,1,0,31,31,0,0,0,100
22_10__walking_and_outside_surprised__G48B2EQ2.mp4,1,0,31,31,0,0,0,100
22_10__walking_down_indoor_hall_disgust__8YQ2EUQP.mp4,1,0,31,31,0,0,0,100
22_10__walking_down_street_outside_angry__1TXK09OY.mp4,1,0,31,31,0,0,0,100
22_10__walking_down_street_outside_angry__8YQ2EUQP.mp4,1,0,31,31,0,0,0,100
22_10__walk_down_hall_angry__FY7YI0AJ.mp4,0,31,0,31,0,100,100,0
22_10__walk_down_hall_angry__G48B2EQ2.mp4,0,31,0,31,0,100,100,0
22_10__walk_down_hall_angry__PUJR4HJ1.mp4,0,31,0,31,0,100,100,0
22_19__kitchen_still__VK6BF5NV.mp4,0,20,11,31,0,100,64.51612903,35.48387097
22_19__outside_talking_pan_laughing__VK6BF5NV.mp4,1,13,18,31,0,0,41.93548387,58.06451613
22_19__talking_against_wall__VK6BF5NV.mp4,1,0,31,31,0,0,0,100
22_19__walking_and_outside_surprised__VK6BF5NV.mp4,1,0,31,31,0,0,0,100
22_19__walking_down_indoor_hall_disgust__VK6BF5NV.mp4,1,0,31,31,0,0,0,100
22_19__walking_outside_cafe_disgusted__VK6BF5NV.mp4,0,25,6,31,0,100,80.64516129,19.35483871
22_19__walk_down_hall_angry__VK6BF5NV.mp4,0,31,0,31,0,100,100,0
22_23__exit_phone_room__X2ZN5Q31.mp4,0,31,0,31,0,100,100,0
22_23__kitchen_pan__TU7RHG0S.mp4,1,2,29,31,0,0,6.451612903,93.5483871
22_23__kitchen_pan__W9MT3Q5K.mp4,1,1,30,31,0,0,3.225806452,96.77419355
22_23__outside_talking_pan_laughing__J671JKCH.mp4,1,4,27,31,0,0,12.90322581,87.09677419
22_23__outside_talking_pan_laughing__TU7RHG0S.mp4,1,4,27,31,0,0,12.90322581,87.09677419
22_23__outside_talking_still_laughing__10R2HRAU.mp4,1,0,31,31,0,0,0,100
22_23__outside_talking_still_laughing__W9MT3Q5K.mp4,1,0,31,31,0,0,0,100
22_23__secret_conversation__10R2HRAU.mp4,1,0,29,29,0,0,0,100
22_23__secret_conversation__J8JK3NBV.mp4,1,0,31,31,0,0,0,100
22_23__walking_and_outside_surprised__J671JKCH.mp4,1,0,31,31,0,0,0,100
22_23__walking_and_outside_surprised__NUTQ0HJ5.mp4,1,0,31,31,0,0,0,100
22_23__walking_and_outside_surprised__TU7RHG0S.mp4,1,0,31,31,0,0,0,100
22_23__walking_outside_cafe_disgusted__J8JK3NBV.mp4,0,27,4,31,0,100,87.09677419,12.90322581
22_23__walk_down_hall_angry__J671JKCH.mp4,0,31,0,31,0,100,100,0
22_23__walk_down_hall_angry__NUTQ0HJ5.mp4,0,31,0,31,0,100,100,0
22_24__kitchen_pan__XL557XC6.mp4,1,3,28,31,0,0,9.677419355,90.32258065
22_24__kitchen_still__7E3GY85F.mp4,0,27,4,31,0,100,87.09677419,12.90322581
22_24__outside_talking_pan_laughing__XL557XC6.mp4,1,11,20,31,0,0,35.48387097,64.51612903
22_24__outside_talking_still_laughing__XL557XC6.mp4,1,0,31,31,0,0,0,100
22_24__talking_against_wall__7E3GY85F.mp4,1,2,29,31,0,0,6.451612903,93.5483871
22_24__talking_against_wall__XL557XC6.mp4,1,0,31,31,0,0,0,100
22_24__walking_and_outside_surprised__7E3GY85F.mp4,1,0,31,31,0,0,0,100
22_24__walking_and_outside_surprised__XL557XC6.mp4,1,0,31,31,0,0,0,100
22_24__walking_down_street_outside_angry__7E3GY85F.mp4,1,0,31,31,0,0,0,100
22_24__walking_down_street_outside_angry__XL557XC6.mp4,1,0,31,31,0,0,0,100
22_24__walking_outside_cafe_disgusted__XL557XC6.mp4,0,26,5,31,0,100,83.87096774,16.12903226
22_24__walk_down_hall_angry__7E3GY85F.mp4,0,31,0,31,0,100,100,0
23_10__exit_phone_room__W4BDINQ5.mp4,0,31,0,31,0,100,100,0
23_10__outside_talking_pan_laughing__ZHJO34DY.mp4,1,0,31,31,0,0,0,100
23_10__outside_talking_still_laughing__CU6SNBFZ.mp4,1,0,31,31,0,0,0,100
23_10__secret_conversation__CU6SNBFZ.mp4,1,0,31,31,0,0,0,100
23_10__talking_against_wall__W02WYPCX.mp4,1,0,31,31,0,0,0,100
23_10__talking_against_wall__W4BDINQ5.mp4,1,0,31,31,0,0,0,100
23_10__walking_and_outside_surprised__W4BDINQ5.mp4,1,0,31,31,0,0,0,100
23_10__walking_down_indoor_hall_disgust__GYY4VANY.mp4,1,0,31,31,0,0,0,100
23_10__walking_down_street_outside_angry__W02WYPCX.mp4,1,0,31,31,0,0,0,100
23_10__walk_down_hall_angry__GYY4VANY.mp4,0,30,1,31,0,100,96.77419355,3.225806452
23_10__walk_down_hall_angry__ZHJO34DY.mp4,0,31,0,31,0,100,100,0
23_19__hugging_happy__H4SUVFTL.mp4,1,0,31,31,0,0,0,100
23_19__hugging_happy__WHQ1229T.mp4,1,0,31,31,0,0,0,100
23_19__kitchen_pan__H4SUVFTL.mp4,0,28,3,31,0,100,90.32258065,9.677419355
23_19__kitchen_pan__WHQ1229T.mp4,0,30,1,31,0,100,96.77419355,3.225806452
23_19__kitchen_still__WHQ1229T.mp4,1,0,31,31,0,0,0,100
23_19__outside_talking_pan_laughing__H4SUVFTL.mp4,1,0,31,31,0,0,0,100
23_19__outside_talking_still_laughing__D1K19NUP.mp4,1,0,31,31,0,0,0,100
23_19__podium_speech_happy__D1K19NUP.mp4,0,31,0,31,0,100,100,0
23_19__secret_conversation__H4SUVFTL.mp4,1,0,31,31,0,0,0,100
23_19__talking_against_wall__H4SUVFTL.mp4,1,0,31,31,0,0,0,100
23_19__talking_angry_couch__D1K19NUP.mp4,1,0,31,31,0,0,0,100
23_19__talking_angry_couch__F7U8UY7V.mp4,1,0,31,31,0,0,0,100
23_19__talking_angry_couch__WHQ1229T.mp4,1,0,31,31,0,0,0,100
23_19__walking_and_outside_surprised__F7U8UY7V.mp4,1,0,31,31,0,0,0,100
23_19__walking_and_outside_surprised__H4SUVFTL.mp4,1,0,31,31,0,0,0,100
23_19__walking_down_indoor_hall_disgust__H4SUVFTL.mp4,1,0,31,31,0,0,0,100
23_19__walking_outside_cafe_disgusted__D1K19NUP.mp4,1,3,28,31,0,0,9.677419355,90.32258065
23_19__walking_outside_cafe_disgusted__F7U8UY7V.mp4,1,6,25,31,0,0,19.35483871,80.64516129
23_19__walking_outside_cafe_disgusted__H4SUVFTL.mp4,1,4,27,31,0,0,12.90322581,87.09677419
23_19__walking_outside_cafe_disgusted__WHQ1229T.mp4,1,9,22,31,0,0,29.03225806,70.96774194
23_19__walk_down_hall_angry__F7U8UY7V.mp4,0,31,0,31,0,100,100,0
23_19__walk_down_hall_angry__H4SUVFTL.mp4,0,30,1,31,0,100,96.77419355,3.225806452
23_22__exit_phone_room__10R2HRAU.mp4,0,31,0,31,0,100,100,0
23_22__kitchen_pan__W9MT3Q5K.mp4,0,29,2,31,0,100,93.5483871,6.451612903
23_22__kitchen_still__10R2HRAU.mp4,1,8,23,31,0,0,25.80645161,74.19354839
23_22__kitchen_still__J8JK3NBV.mp4,1,9,22,31,0,0,29.03225806,70.96774194
23_22__kitchen_still__X2ZN5Q31.mp4,1,2,29,31,0,0,6.451612903,93.5483871
23_22__outside_talking_pan_laughing__J671JKCH.mp4,1,0,31,31,0,0,0,100
23_22__outside_talking_still_laughing__W9MT3Q5K.mp4,1,0,31,31,0,0,0,100
23_22__secret_conversation__10R2HRAU.mp4,1,0,31,31,0,0,0,100
23_22__secret_conversation__AKZRL2QD.mp4,1,0,31,31,0,0,0,100
23_22__talking_against_wall__AKZRL2QD.mp4,1,0,31,31,0,0,0,100
23_22__talking_against_wall__NUTQ0HJ5.mp4,1,0,31,31,0,0,0,100
23_22__talking_against_wall__X2ZN5Q31.mp4,1,3,28,31,0,0,9.677419355,90.32258065
23_22__walking_and_outside_surprised__J671JKCH.mp4,1,0,31,31,0,0,0,100
23_22__walking_down_indoor_hall_disgust__TU7RHG0S.mp4,1,0,31,31,0,0,0,100
23_22__walking_down_street_outside_angry__AKZRL2QD.mp4,1,0,31,31,0,0,0,100
23_22__walking_outside_cafe_disgusted__TU7RHG0S.mp4,1,3,28,31,0,0,9.677419355,90.32258065
23_22__walking_outside_cafe_disgusted__X2ZN5Q31.mp4,1,10,21,31,0,0,32.25806452,67.74193548
23_22__walk_down_hall_angry__J671JKCH.mp4,0,31,0,31,0,100,100,0
23_24__kitchen_pan__YR5OVD4S.mp4,0,31,0,31,0,100,100,0
23_24__kitchen_still__MDSDXSNU.mp4,0,17,14,31,0,100,54.83870968,45.16129032
23_24__kitchen_still__YR5OVD4S.mp4,1,15,16,31,0,0,48.38709677,51.61290323
23_24__outside_talking_still_laughing__YR5OVD4S.mp4,1,0,31,31,0,0,0,100
23_24__podium_speech_happy__YR5OVD4S.mp4,0,31,0,31,0,100,100,0
23_24__secret_conversation__MDSDXSNU.mp4,1,0,31,31,0,0,0,100
23_24__talking_against_wall__YR5OVD4S.mp4,1,0,31,31,0,0,0,100
23_24__talking_angry_couch__MDSDXSNU.mp4,1,0,31,31,0,0,0,100
23_24__talking_angry_couch__YR5OVD4S.mp4,1,0,31,31,0,0,0,100
23_24__walking_and_outside_surprised__YR5OVD4S.mp4,1,0,31,31,0,0,0,100
23_24__walking_down_indoor_hall_disgust__MDSDXSNU.mp4,1,0,31,31,0,0,0,100
23_24__walking_down_street_outside_angry__YR5OVD4S.mp4,1,0,31,31,0,0,0,100
24_10__walking_down_street_outside_angry__356HPS7R.mp4,1,0,31,31,0,0,0,100
24_19__exit_phone_room__0ZFOV5ZE.mp4,0,26,5,31,0,100,83.87096774,16.12903226
24_19__exit_phone_room__59PN7WZ2.mp4,0,29,2,31,0,100,93.5483871,6.451612903
24_19__exit_phone_room__QD5K7BP2.mp4,1,13,18,31,0,0,41.93548387,58.06451613
24_19__kitchen_pan__QD5K7BP2.mp4,1,5,26,31,0,0,16.12903226,83.87096774
24_19__kitchen_still__RKQTC50P.mp4,1,4,27,31,0,0,12.90322581,87.09677419
24_19__outside_talking_pan_laughing__59PN7WZ2.mp4,0,26,5,31,0,100,83.87096774,16.12903226
24_19__outside_talking_pan_laughing__LVZNRK9S.mp4,0,26,5,31,0,100,83.87096774,16.12903226
24_19__outside_talking_pan_laughing__W1DEM0XM.mp4,0,25,6,31,0,100,80.64516129,19.35483871
24_19__outside_talking_still_laughing__59PN7WZ2.mp4,1,0,31,31,0,0,0,100
24_19__outside_talking_still_laughing__NPZW2Z9L.mp4,1,1,30,31,0,0,3.225806452,96.77419355
24_19__outside_talking_still_laughing__RKQTC50P.mp4,1,0,31,31,0,0,0,100
24_19__podium_speech_happy__OF8LF68K.mp4,0,31,0,31,0,100,100,0
24_19__podium_speech_happy__QD5K7BP2.mp4,0,31,0,31,0,100,100,0
24_19__secret_conversation__LVZNRK9S.mp4,1,0,31,31,0,0,0,100
24_19__secret_conversation__NPZW2Z9L.mp4,1,0,11,11,0,0,0,100
24_19__secret_conversation__QD5K7BP2.mp4,1,0,13,13,0,0,0,100
24_19__talking_against_wall__QD5K7BP2.mp4,0,31,0,31,0,100,100,0
24_19__talking_angry_couch__0ZFOV5ZE.mp4,1,0,31,31,0,0,0,100
24_19__walking_down_street_outside_angry__59PN7WZ2.mp4,1,0,31,31,0,0,0,100
24_19__walking_down_street_outside_angry__GNHYZ84G.mp4,1,0,31,31,0,0,0,100
24_19__walking_down_street_outside_angry__QD5K7BP2.mp4,1,0,31,31,0,0,0,100
24_19__walking_outside_cafe_disgusted__GNHYZ84G.mp4,0,18,13,31,0,100,58.06451613,41.93548387
24_19__walking_outside_cafe_disgusted__NPZW2Z9L.mp4,0,17,14,31,0,100,54.83870968,45.16129032
24_19__walk_down_hall_angry__59PN7WZ2.mp4,0,31,0,31,0,100,100,0
24_19__walk_down_hall_angry__OF8LF68K.mp4,0,31,0,31,0,100,100,0
24_19__walk_down_hall_angry__QD5K7BP2.mp4,0,31,0,31,0,100,100,0
24_22__kitchen_pan__XL557XC6.mp4,1,5,26,31,0,0,16.12903226,83.87096774
24_22__kitchen_still__7E3GY85F.mp4,1,4,27,31,0,0,12.90322581,87.09677419
24_22__outside_talking_pan_laughing__XL557XC6.mp4,0,25,6,31,0,100,80.64516129,19.35483871
24_22__outside_talking_still_laughing__XL557XC6.mp4,1,5,26,31,0,0,16.12903226,83.87096774
24_22__talking_against_wall__7E3GY85F.mp4,0,30,1,31,0,100,96.77419355,3.225806452
24_22__talking_against_wall__XL557XC6.mp4,0,31,0,31,0,100,100,0
24_22__talking_angry_couch__7E3GY85F.mp4,1,0,31,31,0,0,0,100
24_22__talking_angry_couch__XL557XC6.mp4,1,0,31,31,0,0,0,100
24_22__walking_down_street_outside_angry__7E3GY85F.mp4,1,0,31,31,0,0,0,100
24_22__walking_down_street_outside_angry__XL557XC6.mp4,1,0,31,31,0,0,0,100
24_22__walking_outside_cafe_disgusted__XL557XC6.mp4,1,12,19,31,0,0,38.70967742,61.29032258
24_22__walk_down_hall_angry__7E3GY85F.mp4,0,31,0,31,0,100,100,0
24_23__kitchen_pan__YR5OVD4S.mp4,1,6,25,31,0,0,19.35483871,80.64516129
24_23__kitchen_still__MDSDXSNU.mp4,1,3,28,31,0,0,9.677419355,90.32258065
24_23__kitchen_still__YR5OVD4S.mp4,1,2,29,31,0,0,6.451612903,93.5483871
24_23__outside_talking_still_laughing__YR5OVD4S.mp4,1,0,31,31,0,0,0,100
24_23__podium_speech_happy__YR5OVD4S.mp4,0,31,0,31,0,100,100,0
24_23__talking_against_wall__YR5OVD4S.mp4,0,31,0,31,0,100,100,0
24_23__talking_angry_couch__MDSDXSNU.mp4,1,0,31,31,0,0,0,100
24_23__talking_angry_couch__YR5OVD4S.mp4,1,0,31,31,0,0,0,100
24_23__walking_down_street_outside_angry__YR5OVD4S.mp4,1,0,31,31,0,0,0,100
25_02__exit_phone_room__Z7FQ69VP.mp4,0,31,0,31,0,100,100,0
25_02__outside_talking_pan_laughing__Z7FQ69VP.mp4,1,1,30,31,0,0,3.225806452,96.77419355
25_02__outside_talking_still_laughing__Z7FQ69VP.mp4,1,0,31,31,0,0,0,100
25_02__secret_conversation__Z7FQ69VP.mp4,1,0,31,31,0,0,0,100
25_02__talking_against_wall__Z7FQ69VP.mp4,1,1,30,31,0,0,3.225806452,96.77419355
25_02__walking_down_street_outside_angry__Z7FQ69VP.mp4,1,0,31,31,0,0,0,100
25_02__walking_outside_cafe_disgusted__Z7FQ69VP.mp4,1,13,18,31,0,0,41.93548387,58.06451613
25_06__exit_phone_room__MI9BDQ7M.mp4,1,10,21,31,0,0,32.25806452,67.74193548
25_06__outside_talking_pan_laughing__3QQBVBYN.mp4,1,0,31,31,0,0,0,100
25_06__outside_talking_pan_laughing__MI9BDQ7M.mp4,1,0,31,31,0,0,0,100
25_06__outside_talking_still_laughing__3QQBVBYN.mp4,1,0,31,31,0,0,0,100
25_06__outside_talking_still_laughing__MI9BDQ7M.mp4,1,0,31,31,0,0,0,100
25_06__secret_conversation__3QQBVBYN.mp4,1,0,31,31,0,0,0,100
25_06__walk_down_hall_angry__3QQBVBYN.mp4,0,28,3,31,0,100,90.32258065,9.677419355
25_07__exit_phone_room__IKMKYKPG.mp4,1,10,21,31,0,0,32.25806452,67.74193548
25_07__outside_talking_pan_laughing__IKMKYKPG.mp4,1,0,31,31,0,0,0,100
25_07__outside_talking_pan_laughing__LZYKF7LK.mp4,1,1,30,31,0,0,3.225806452,96.77419355
25_07__walking_down_street_outside_angry__IKMKYKPG.mp4,1,0,31,31,0,0,0,100
25_07__walking_outside_cafe_disgusted__PAE9HCA8.mp4,1,11,20,31,0,0,35.48387097,64.51612903
25_07__walk_down_hall_angry__PAE9HCA8.mp4,0,27,4,31,0,100,87.09677419,12.90322581
25_09__outside_talking_pan_laughing__ODAQ7BZL.mp4,1,0,31,31,0,0,0,100
25_09__outside_talking_still_laughing__ODAQ7BZL.mp4,1,0,31,31,0,0,0,100
25_09__secret_conversation__ODAQ7BZL.mp4,1,0,31,31,0,0,0,100
25_09__talking_against_wall__ODAQ7BZL.mp4,1,2,29,31,0,0,6.451612903,93.5483871
25_09__walking_down_street_outside_angry__5041ODBN.mp4,1,0,31,31,0,0,0,100
25_09__walking_outside_cafe_disgusted__5041ODBN.mp4,1,10,21,31,0,0,32.25806452,67.74193548
25_09__walking_outside_cafe_disgusted__ODAQ7BZL.mp4,1,14,17,31,0,0,45.16129032,54.83870968
25_11__podium_speech_happy__JX0SAMTC.mp4,0,21,10,31,0,100,67.74193548,32.25806452
25_11__walk_down_hall_angry__JX0SAMTC.mp4,0,26,5,31,0,100,83.87096774,16.12903226
25_12__outside_talking_pan_laughing__0SA36BZ5.mp4,1,0,31,31,0,0,0,100
25_12__outside_talking_still_laughing__3PS32GAH.mp4,1,0,31,31,0,0,0,100
25_12__secret_conversation__0SA36BZ5.mp4,1,0,31,31,0,0,0,100
25_12__secret_conversation__MA71PDNV.mp4,1,0,31,31,0,0,0,100
25_12__walking_down_street_outside_angry__MA71PDNV.mp4,1,0,31,31,0,0,0,100
25_12__walking_outside_cafe_disgusted__3PS32GAH.mp4,1,13,18,31,0,0,41.93548387,58.06451613
25_12__walking_outside_cafe_disgusted__FQE07ND1.mp4,1,8,23,31,0,0,25.80645161,74.19354839
25_12__walking_outside_cafe_disgusted__G26LG5N7.mp4,1,10,21,31,0,0,32.25806452,67.74193548
25_12__walk_down_hall_angry__I2X1XTCC.mp4,0,25,6,31,0,100,80.64516129,19.35483871
25_13__exit_phone_room__7YMTAF29.mp4,1,8,23,31,0,0,25.80645161,74.19354839
25_13__outside_talking_pan_laughing__PBM86HKZ.mp4,1,0,31,31,0,0,0,100
25_13__outside_talking_still_laughing__IW9OFVMG.mp4,1,0,31,31,0,0,0,100
25_15__secret_conversation__BXVA6VQB.mp4,1,0,31,31,0,0,0,100
25_15__walking_down_street_outside_angry__BXVA6VQB.mp4,1,0,31,31,0,0,0,100
25_15__walking_down_street_outside_angry__FF95NMIQ.mp4,1,0,31,31,0,0,0,100
25_15__walk_down_hall_angry__BXVA6VQB.mp4,0,25,6,31,0,100,80.64516129,19.35483871
25_18__outside_talking_pan_laughing__41UL3HO6.mp4,1,1,30,31,0,0,3.225806452,96.77419355
25_18__outside_talking_pan_laughing__SEGFKFJG.mp4,1,1,30,31,0,0,3.225806452,96.77419355
25_18__podium_speech_happy__SEGFKFJG.mp4,0,21,10,31,0,100,67.74193548,32.25806452
25_18__talking_against_wall__SEGFKFJG.mp4,1,5,26,31,0,0,16.12903226,83.87096774
25_18__walking_down_street_outside_angry__41UL3HO6.mp4,1,0,31,31,0,0,0,100
25_18__walking_outside_cafe_disgusted__SEGFKFJG.mp4,1,15,16,31,0,0,48.38709677,51.61290323
25_18__walk_down_hall_angry__AUC0HY5T.mp4,0,25,6,31,0,100,80.64516129,19.35483871
25_20__exit_phone_room__FZHCQNKV.mp4,0,26,5,31,0,100,83.87096774,16.12903226
25_20__exit_phone_room__M86GQTHK.mp4,1,9,22,31,0,0,29.03225806,70.96774194
25_20__outside_talking_pan_laughing__M86GQTHK.mp4,1,0,31,31,0,0,0,100
25_20__outside_talking_pan_laughing__NPM0ENKD.mp4,1,0,31,31,0,0,0,100
25_20__outside_talking_still_laughing__AMY6M1KL.mp4,1,0,31,31,0,0,0,100
25_20__outside_talking_still_laughing__M786RTSM.mp4,1,0,31,31,0,0,0,100
25_20__outside_talking_still_laughing__M86GQTHK.mp4,1,0,31,31,0,0,0,100
25_20__outside_talking_still_laughing__MUS0X71T.mp4,1,0,31,31,0,0,0,100
25_20__outside_talking_still_laughing__NPM0ENKD.mp4,1,0,31,31,0,0,0,100
25_20__talking_against_wall__CYKLS79C.mp4,1,0,31,31,0,0,0,100
25_20__talking_against_wall__MUS0X71T.mp4,1,0,31,31,0,0,0,100
25_20__talking_against_wall__ZG0SRZOA.mp4,1,1,30,31,0,0,3.225806452,96.77419355
25_20__walking_down_street_outside_angry__DW2L6D2V.mp4,1,0,31,31,0,0,0,100
25_20__walking_outside_cafe_disgusted__AMY6M1KL.mp4,1,13,18,31,0,0,41.93548387,58.06451613
25_20__walking_outside_cafe_disgusted__RSCD7KXO.mp4,1,11,20,31,0,0,35.48387097,64.51612903
25_21__outside_talking_pan_laughing__2R46UX3R.mp4,1,0,31,31,0,0,0,100
25_21__outside_talking_pan_laughing__NFBISHIN.mp4,1,1,30,31,0,0,3.225806452,96.77419355
25_21__podium_speech_happy__NFBISHIN.mp4,0,21,10,31,0,100,67.74193548,32.25806452
25_21__talking_against_wall__NFBISHIN.mp4,1,1,30,31,0,0,3.225806452,96.77419355
25_21__walking_down_street_outside_angry__2R46UX3R.mp4,1,0,31,31,0,0,0,100
25_21__walking_down_street_outside_angry__NFBISHIN.mp4,1,0,31,31,0,0,0,100
25_21__walking_outside_cafe_disgusted__2R46UX3R.mp4,1,14,17,31,0,0,45.16129032,54.83870968
25_21__walking_outside_cafe_disgusted__NFBISHIN.mp4,1,11,20,31,0,0,35.48387097,64.51612903
25_21__walk_down_hall_angry__NFBISHIN.mp4,0,24,7,31,0,100,77.41935484,22.58064516
25_26__exit_phone_room__7ZRKCFMS.mp4,1,9,22,31,0,0,29.03225806,70.96774194
25_26__outside_talking_pan_laughing__GJT740J9.mp4,1,0,31,31,0,0,0,100
25_26__outside_talking_still_laughing__0UFFR3U1.mp4,1,0,31,31,0,0,0,100
25_26__outside_talking_still_laughing__7ZRKCFMS.mp4,1,0,31,31,0,0,0,100
25_26__outside_talking_still_laughing__8LPKLIRG.mp4,1,0,31,31,0,0,0,100
25_26__podium_speech_happy__0UFFR3U1.mp4,0,21,10,31,0,100,67.74193548,32.25806452
25_26__podium_speech_happy__PQ41U3IJ.mp4,0,21,10,31,0,100,67.74193548,32.25806452
25_26__secret_conversation__GJT740J9.mp4,1,0,31,31,0,0,0,100
25_26__talking_against_wall__8LPKLIRG.mp4,1,1,30,31,0,0,3.225806452,96.77419355
25_26__walking_down_street_outside_angry__157Z8P8P.mp4,1,0,31,31,0,0,0,100
25_26__walking_down_street_outside_angry__XKQAYTLI.mp4,1,0,31,31,0,0,0,100
25_26__walking_outside_cafe_disgusted__7ZRKCFMS.mp4,1,11,20,31,0,0,35.48387097,64.51612903
25_26__walking_outside_cafe_disgusted__WYZ8NJ7O.mp4,1,12,19,31,0,0,38.70967742,61.29032258
25_26__walk_down_hall_angry__XKQAYTLI.mp4,0,28,3,31,0,100,90.32258065,9.677419355
25_27__exit_phone_room__1KU29EUL.mp4,1,10,21,31,0,0,32.25806452,67.74193548
25_27__outside_talking_pan_laughing__1KU29EUL.mp4,1,0,31,31,0,0,0,100
25_27__outside_talking_pan_laughing__GNIMW95Z.mp4,1,0,31,31,0,0,0,100
25_27__outside_talking_still_laughing__1KU29EUL.mp4,1,0,31,31,0,0,0,100
25_27__talking_against_wall__ZTV6TUQ9.mp4,1,0,31,31,0,0,0,100
25_27__walking_down_street_outside_angry__1KU29EUL.mp4,1,0,31,31,0,0,0,100
25_27__walking_outside_cafe_disgusted__1KU29EUL.mp4,1,11,20,31,0,0,35.48387097,64.51612903
25_27__walk_down_hall_angry__1KU29EUL.mp4,0,29,2,31,0,100,93.5483871,6.451612903
25_27__walk_down_hall_angry__GNIMW95Z.mp4,0,25,6,31,0,100,80.64516129,19.35483871
26_01__kitchen_still__ZMEJ535O.mp4,1,0,31,31,0,0,0,100
26_01__secret_conversation__BTVMWLG6.mp4,1,5,26,31,0,0,16.12903226,83.87096774
26_03__kitchen_pan__WBSXBL82.mp4,0,16,15,31,0,100,51.61290323,48.38709677
26_03__kitchen_still__WBSXBL82.mp4,1,0,31,31,0,0,0,100
26_03__outside_talking_pan_laughing__WBSXBL82.mp4,1,0,31,31,0,0,0,100
26_03__podium_speech_happy__WBSXBL82.mp4,1,0,31,31,0,0,0,100
26_03__talking_against_wall__WBSXBL82.mp4,1,0,31,31,0,0,0,100
26_03__talking_angry_couch__WBSXBL82.mp4,1,0,31,31,0,0,0,100
26_03__walking_outside_cafe_disgusted__WBSXBL82.mp4,1,4,27,31,0,0,12.90322581,87.09677419
26_03__walk_down_hall_angry__WBSXBL82.mp4,0,29,2,31,0,100,93.5483871,6.451612903
26_04__exit_phone_room__MS2MLJP1.mp4,0,19,12,31,0,100,61.29032258,38.70967742
26_04__kitchen_pan__MS2MLJP1.mp4,0,17,14,31,0,100,54.83870968,45.16129032
26_04__kitchen_pan__WX836VLY.mp4,1,15,16,31,0,0,48.38709677,51.61290323
26_04__kitchen_still__WX836VLY.mp4,1,0,31,31,0,0,0,100
26_04__outside_talking_pan_laughing__MS2MLJP1.mp4,1,0,31,31,0,0,0,100
26_04__outside_talking_pan_laughing__WX836VLY.mp4,1,0,31,31,0,0,0,100
26_04__outside_talking_still_laughing__WX836VLY.mp4,1,0,31,31,0,0,0,100
26_04__secret_conversation__WX836VLY.mp4,1,12,19,31,0,0,38.70967742,61.29032258
26_04__talking_against_wall__WX836VLY.mp4,1,0,31,31,0,0,0,100
26_04__talking_angry_couch__MS2MLJP1.mp4,1,0,31,31,0,0,0,100
26_04__talking_angry_couch__WX836VLY.mp4,1,0,31,31,0,0,0,100
26_04__walking_down_street_outside_angry__WX836VLY.mp4,1,0,31,31,0,0,0,100
26_04__walking_outside_cafe_disgusted__MS2MLJP1.mp4,0,21,10,31,0,100,67.74193548,32.25806452
26_04__walk_down_hall_angry__WX836VLY.mp4,0,31,0,31,0,100,100,0
26_06__kitchen_pan__L5BVR5L9.mp4,1,15,16,31,0,0,48.38709677,51.61290323
26_06__kitchen_still__L5BVR5L9.mp4,1,0,31,31,0,0,0,100
26_06__outside_talking_still_laughing__L5BVR5L9.mp4,1,0,31,31,0,0,0,100
26_06__podium_speech_happy__L5BVR5L9.mp4,1,0,31,31,0,0,0,100
26_06__talking_against_wall__L5BVR5L9.mp4,1,0,31,31,0,0,0,100
26_06__talking_angry_couch__L5BVR5L9.mp4,1,0,31,31,0,0,0,100
26_06__walking_down_street_outside_angry__L5BVR5L9.mp4,1,0,31,31,0,0,0,100
26_06__walking_outside_cafe_disgusted__L5BVR5L9.mp4,0,22,9,31,0,100,70.96774194,29.03225806
26_06__walk_down_hall_angry__L5BVR5L9.mp4,0,31,0,31,0,100,100,0
26_07__exit_phone_room__FGNGC2GT.mp4,0,18,13,31,0,100,58.06451613,41.93548387
26_07__kitchen_pan__FGNGC2GT.mp4,1,15,16,31,0,0,48.38709677,51.61290323
26_07__kitchen_still__FGNGC2GT.mp4,1,0,31,31,0,0,0,100
26_07__outside_talking_pan_laughing__FGNGC2GT.mp4,1,0,31,31,0,0,0,100
26_07__outside_talking_still_laughing__FGNGC2GT.mp4,1,0,31,31,0,0,0,100
26_07__podium_speech_happy__FGNGC2GT.mp4,1,0,31,31,0,0,0,100
26_07__talking_against_wall__FGNGC2GT.mp4,1,0,31,31,0,0,0,100
26_07__walking_down_street_outside_angry__FGNGC2GT.mp4,1,0,31,31,0,0,0,100
26_07__walk_down_hall_angry__FGNGC2GT.mp4,0,29,2,31,0,100,93.5483871,6.451612903
26_09__exit_phone_room__XXGYLT82.mp4,0,20,11,31,0,100,64.51612903,35.48387097
26_09__kitchen_pan__C3K20JOL.mp4,1,13,18,31,0,0,41.93548387,58.06451613
26_09__outside_talking_still_laughing__QSE5A0GF.mp4,1,0,31,31,0,0,0,100
26_09__talking_against_wall__C3K20JOL.mp4,1,0,31,31,0,0,0,100
26_09__walk_down_hall_angry__QSE5A0GF.mp4,0,31,0,31,0,100,100,0
26_09__walk_down_hall_angry__XXGYLT82.mp4,0,31,0,31,0,100,100,0
26_11__kitchen_pan__7C0VKV43.mp4,1,13,18,31,0,0,41.93548387,58.06451613
26_11__kitchen_still__7C0VKV43.mp4,1,0,31,31,0,0,0,100
26_11__outside_talking_pan_laughing__ALJ0OHNM.mp4,1,0,31,31,0,0,0,100
26_11__outside_talking_still_laughing__ALJ0OHNM.mp4,1,0,31,31,0,0,0,100
26_11__walking_outside_cafe_disgusted__ALJ0OHNM.mp4,1,5,26,31,0,0,16.12903226,83.87096774
26_11__walk_down_hall_angry__7C0VKV43.mp4,0,31,0,31,0,100,100,0
26_12__exit_phone_room__HEKDCIHW.mp4,0,21,10,31,0,100,67.74193548,32.25806452
26_12__exit_phone_room__OTKIGGFE.mp4,0,19,12,31,0,100,61.29032258,38.70967742
26_12__kitchen_pan__BFBNM8FR.mp4,1,13,18,31,0,0,41.93548387,58.06451613
26_12__kitchen_pan__OVOQACG8.mp4,1,12,19,31,0,0,38.70967742,61.29032258
26_12__outside_talking_pan_laughing__OVOQACG8.mp4,1,0,31,31,0,0,0,100
26_12__outside_talking_still_laughing__FWFQ5YB8.mp4,1,0,31,31,0,0,0,100
26_12__outside_talking_still_laughing__LI63E4TS.mp4,1,0,31,31,0,0,0,100
26_12__podium_speech_happy__BFBNM8FR.mp4,1,0,31,31,0,0,0,100
26_12__talking_against_wall__HEKDCIHW.mp4,1,0,31,31,0,0,0,100
26_12__talking_angry_couch__BFBNM8FR.mp4,1,0,31,31,0,0,0,100
26_12__talking_angry_couch__FWFQ5YB8.mp4,1,0,31,31,0,0,0,100
26_12__talking_angry_couch__OVOQACG8.mp4,1,0,31,31,0,0,0,100
26_12__walking_down_street_outside_angry__OVOQACG8.mp4,1,0,31,31,0,0,0,100
26_12__walk_down_hall_angry__BFBNM8FR.mp4,0,30,1,31,0,100,96.77419355,3.225806452
26_13__kitchen_pan__1ZRIYSSU.mp4,0,16,15,31,0,100,51.61290323,48.38709677
26_13__kitchen_pan__U5ELHUN5.mp4,0,19,12,31,0,100,61.29032258,38.70967742
26_13__kitchen_pan__XRS5W2NC.mp4,0,20,11,31,0,100,64.51612903,35.48387097
26_13__kitchen_still__SU8J9CBG.mp4,1,0,31,31,0,0,0,100
26_13__outside_talking_pan_laughing__WK3NZ3UV.mp4,1,0,31,31,0,0,0,100
26_13__outside_talking_still_laughing__1ZRIYSSU.mp4,1,0,31,31,0,0,0,100
26_13__outside_talking_still_laughing__CJALTDKT.mp4,1,0,31,31,0,0,0,100
26_13__podium_speech_happy__U5ELHUN5.mp4,1,0,31,31,0,0,0,100
26_13__secret_conversation__XRS5W2NC.mp4,1,7,24,31,0,0,22.58064516,77.41935484
26_13__talking_against_wall__DZP10XW4.mp4,1,0,31,31,0,0,0,100
26_14__exit_phone_room__SU8SAHTT.mp4,0,17,14,31,0,100,54.83870968,45.16129032
26_14__kitchen_pan__ILLP29ZH.mp4,1,13,18,31,0,0,41.93548387,58.06451613
26_14__kitchen_pan__SU8SAHTT.mp4,1,12,19,31,0,0,38.70967742,61.29032258
26_14__kitchen_still__ILLP29ZH.mp4,1,0,31,31,0,0,0,100
26_14__outside_talking_still_laughing__ILLP29ZH.mp4,1,0,31,31,0,0,0,100
26_14__podium_speech_happy__ILLP29ZH.mp4,1,0,31,31,0,0,0,100
26_14__secret_conversation__ILLP29ZH.mp4,1,6,25,31,0,0,19.35483871,80.64516129
26_14__secret_conversation__SU8SAHTT.mp4,1,1,30,31,0,0,3.225806452,96.77419355
26_14__talking_against_wall__ILLP29ZH.mp4,1,0,31,31,0,0,0,100
26_14__talking_angry_couch__ILLP29ZH.mp4,1,0,31,31,0,0,0,100
26_14__talking_angry_couch__SU8SAHTT.mp4,1,0,31,31,0,0,0,100
26_14__walking_outside_cafe_disgusted__ILLP29ZH.mp4,0,19,12,31,0,100,61.29032258,38.70967742
26_14__walk_down_hall_angry__ILLP29ZH.mp4,0,30,1,31,0,100,96.77419355,3.225806452
26_15__walk_down_hall_angry__JHMUZFIJ.mp4,0,31,0,31,0,100,100,0
26_18__exit_phone_room__AI94QW74.mp4,0,19,12,31,0,100,61.29032258,38.70967742
26_18__kitchen_pan__C9VUQS9O.mp4,0,16,15,31,0,100,51.61290323,48.38709677
26_18__kitchen_still__UMEX6HWU.mp4,1,0,31,31,0,0,0,100
26_18__outside_talking_still_laughing__AI94QW74.mp4,1,0,31,31,0,0,0,100
26_18__outside_talking_still_laughing__UMEX6HWU.mp4,1,0,31,31,0,0,0,100
26_18__podium_speech_happy__UMEX6HWU.mp4,1,0,31,31,0,0,0,100
26_18__secret_conversation__UMEX6HWU.mp4,1,8,23,31,0,0,25.80645161,74.19354839
26_18__talking_against_wall__AI94QW74.mp4,1,0,31,31,0,0,0,100
26_18__talking_against_wall__UMEX6HWU.mp4,1,0,31,31,0,0,0,100
26_18__talking_angry_couch__AI94QW74.mp4,1,0,31,31,0,0,0,100
26_18__walking_down_street_outside_angry__UMEX6HWU.mp4,1,0,31,31,0,0,0,100
26_18__walking_outside_cafe_disgusted__UMEX6HWU.mp4,0,23,8,31,0,100,74.19354839,25.80645161
26_18__walk_down_hall_angry__AI94QW74.mp4,0,31,0,31,0,100,100,0
26_18__walk_down_hall_angry__C9VUQS9O.mp4,0,31,0,31,0,100,100,0
26_18__walk_down_hall_angry__UMEX6HWU.mp4,0,31,0,31,0,100,100,0
26_20__exit_phone_room__XWMKFMF6.mp4,0,17,14,31,0,100,54.83870968,45.16129032
26_20__kitchen_pan__34DJQS3E.mp4,0,18,13,31,0,100,58.06451613,41.93548387
26_20__kitchen_pan__C8GN41DU.mp4,0,16,15,31,0,100,51.61290323,48.38709677
26_20__kitchen_pan__XWMKFMF6.mp4,1,15,16,31,0,0,48.38709677,51.61290323
26_20__kitchen_still__34DJQS3E.mp4,1,0,31,31,0,0,0,100
26_20__outside_talking_pan_laughing__01OJA93K.mp4,1,0,31,31,0,0,0,100
26_20__outside_talking_pan_laughing__C8GN41DU.mp4,1,0,31,31,0,0,0,100
26_20__outside_talking_pan_laughing__KGFLR0PH.mp4,1,0,31,31,0,0,0,100
26_20__podium_speech_happy__01OJA93K.mp4,1,0,31,31,0,0,0,100
26_20__podium_speech_happy__1UEDQ3GY.mp4,1,0,31,31,0,0,0,100
26_20__podium_speech_happy__XWMKFMF6.mp4,1,0,31,31,0,0,0,100
26_20__secret_conversation__1UEDQ3GY.mp4,1,6,25,31,0,0,19.35483871,80.64516129
26_20__secret_conversation__34DJQS3E.mp4,1,10,21,31,0,0,32.25806452,67.74193548
26_20__talking_angry_couch__2VS0S1P5.mp4,1,0,31,31,0,0,0,100
26_20__talking_angry_couch__34DJQS3E.mp4,1,0,31,31,0,0,0,100
26_20__walking_down_street_outside_angry__2VS0S1P5.mp4,1,0,31,31,0,0,0,100
26_20__walking_outside_cafe_disgusted__C8GN41DU.mp4,0,23,8,31,0,100,74.19354839,25.80645161
26_20__walk_down_hall_angry__XWMKFMF6.mp4,0,31,0,31,0,100,100,0
26_25__exit_phone_room__7ZRKCFMS.mp4,0,20,11,31,0,100,64.51612903,35.48387097
26_25__exit_phone_room__PQ41U3IJ.mp4,0,21,10,31,0,100,67.74193548,32.25806452
26_25__outside_talking_pan_laughing__157Z8P8P.mp4,1,0,31,31,0,0,0,100
26_25__outside_talking_pan_laughing__GJT740J9.mp4,1,0,31,31,0,0,0,100
26_25__outside_talking_still_laughing__7ZRKCFMS.mp4,1,0,31,31,0,0,0,100
26_25__podium_speech_happy__0UFFR3U1.mp4,1,0,31,31,0,0,0,100
26_25__podium_speech_happy__8LPKLIRG.mp4,1,0,31,31,0,0,0,100
26_25__secret_conversation__0UFFR3U1.mp4,1,10,21,31,0,0,32.25806452,67.74193548
26_25__talking_against_wall__PQ41U3IJ.mp4,1,0,31,31,0,0,0,100
26_25__talking_angry_couch__GJT740J9.mp4,1,0,31,31,0,0,0,100
26_25__talking_angry_couch__WYZ8NJ7O.mp4,1,0,31,31,0,0,0,100
26_25__talking_angry_couch__XKQAYTLI.mp4,1,0,31,31,0,0,0,100
26_25__walking_down_street_outside_angry__PQ41U3IJ.mp4,1,0,31,31,0,0,0,100
26_25__walking_down_street_outside_angry__XKQAYTLI.mp4,1,0,31,31,0,0,0,100
26_25__walking_outside_cafe_disgusted__0UFFR3U1.mp4,0,24,7,31,0,100,77.41935484,22.58064516
26_25__walking_outside_cafe_disgusted__7ZRKCFMS.mp4,1,5,26,31,0,0,16.12903226,83.87096774
26_25__walking_outside_cafe_disgusted__XKQAYTLI.mp4,1,4,27,31,0,0,12.90322581,87.09677419
26_25__walk_down_hall_angry__XKQAYTLI.mp4,0,31,0,31,0,100,100,0
26_27__kitchen_pan__IE9N0ZI9.mp4,0,16,15,31,0,100,51.61290323,48.38709677
26_27__outside_talking_still_laughing__IE9N0ZI9.mp4,1,0,31,31,0,0,0,100
26_27__podium_speech_happy__IE9N0ZI9.mp4,1,0,31,31,0,0,0,100
26_27__talking_against_wall__IE9N0ZI9.mp4,1,0,31,31,0,0,0,100
26_27__talking_angry_couch__IE9N0ZI9.mp4,1,0,31,31,0,0,0,100
27_01__hugging_happy__ZYCZ30C0.mp4,1,0,31,31,0,0,0,100
27_01__meeting_serious__ZYCZ30C0.mp4,1,0,31,31,0,0,0,100
27_01__outside_talking_still_laughing__ZYCZ30C0.mp4,1,3,28,31,0,0,9.677419355,90.32258065
27_01__podium_speech_happy__S2YCUY48.mp4,1,8,23,31,0,0,25.80645161,74.19354839
27_01__talking_against_wall__ZYCZ30C0.mp4,1,0,31,31,0,0,0,100
27_01__walking_and_outside_surprised__S2YCUY48.mp4,1,3,28,31,0,0,9.677419355,90.32258065
27_01__walking_outside_cafe_disgusted__S2YCUY48.mp4,0,31,0,31,0,100,100,0
27_01__walking_outside_cafe_disgusted__ZYCZ30C0.mp4,0,31,0,31,0,100,100,0
27_02__exit_phone_room__6GC9HY9J.mp4,0,31,0,31,0,100,100,0
27_02__exit_phone_room__FV8M8O2C.mp4,0,31,0,31,0,100,100,0
27_02__hugging_happy__UGO2181S.mp4,1,0,31,31,0,0,0,100
27_02__kitchen_pan__3L1MLH3D.mp4,1,0,31,31,0,0,0,100
27_02__kitchen_pan__78M8S6M6.mp4,1,0,31,31,0,0,0,100
27_02__kitchen_pan__B3XHKO27.mp4,1,0,31,31,0,0,0,100
27_02__meeting_serious__QW05XUUZ.mp4,1,0,31,31,0,0,0,100
27_02__outside_talking_pan_laughing__QW05XUUZ.mp4,1,0,31,31,0,0,0,100
27_02__outside_talking_pan_laughing__YQX5Z8GN.mp4,1,1,30,31,0,0,3.225806452,96.77419355
27_02__podium_speech_happy__6GC9HY9J.mp4,0,25,6,31,0,100,80.64516129,19.35483871
27_02__podium_speech_happy__FV8M8O2C.mp4,0,23,8,31,0,100,74.19354839,25.80645161
27_02__podium_speech_happy__XFSH3BW7.mp4,0,23,8,31,0,100,74.19354839,25.80645161
27_02__talking_against_wall__B3XHKO27.mp4,1,2,29,31,0,0,6.451612903,93.5483871
27_02__talking_angry_couch__78M8S6M6.mp4,1,0,31,31,0,0,0,100
27_02__talking_angry_couch__FV8M8O2C.mp4,1,0,31,31,0,0,0,100
27_02__talking_angry_couch__GVFLSZD5.mp4,1,0,31,31,0,0,0,100
27_02__walking_and_outside_surprised__QW05XUUZ.mp4,1,3,28,31,0,0,9.677419355,90.32258065
27_02__walking_and_outside_surprised__XFSH3BW7.mp4,1,2,29,31,0,0,6.451612903,93.5483871
27_02__walking_down_indoor_hall_disgust__3L1MLH3D.mp4,1,0,31,31,0,0,0,100
27_02__walking_down_street_outside_angry__78M8S6M6.mp4,1,0,31,31,0,0,0,100
27_02__walking_down_street_outside_angry__XFSH3BW7.mp4,1,0,31,31,0,0,0,100
27_02__walk_down_hall_angry__78M8S6M6.mp4,0,31,0,31,0,100,100,0
27_02__walk_down_hall_angry__B3XHKO27.mp4,0,31,0,31,0,100,100,0
27_02__walk_down_hall_angry__FV8M8O2C.mp4,0,31,0,31,0,100,100,0
27_03__hugging_happy__72BPN7A1.mp4,1,0,31,31,0,0,0,100
27_03__outside_talking_still_laughing__IL675GCI.mp4,1,0,31,31,0,0,0,100
27_03__podium_speech_happy__72BPN7A1.mp4,0,23,8,31,0,100,74.19354839,25.80645161
27_03__walking_and_outside_surprised__KWGI1LSZ.mp4,1,3,28,31,0,0,9.677419355,90.32258065
27_04__hugging_happy__2CCI2ND1.mp4,1,0,31,31,0,0,0,100
27_06__hugging_happy__S3T7SK9O.mp4,1,0,31,31,0,0,0,100
27_06__kitchen_pan__VN14WY2N.mp4,1,0,31,31,0,0,0,100
27_06__kitchen_still__SZWVBWY4.mp4,1,0,31,31,0,0,0,100
27_06__talking_against_wall__S3T7SK9O.mp4,1,12,19,31,0,0,38.70967742,61.29032258
27_06__walking_and_outside_surprised__O7L5Z9U8.mp4,1,3,28,31,0,0,9.677419355,90.32258065
27_06__walking_and_outside_surprised__VN14WY2N.mp4,1,3,28,31,0,0,9.677419355,90.32258065
27_06__walking_down_indoor_hall_disgust__JOG5PB18.mp4,1,0,31,31,0,0,0,100
27_06__walking_down_street_outside_angry__S3T7SK9O.mp4,1,0,31,31,0,0,0,100
27_06__walking_outside_cafe_disgusted__S3T7SK9O.mp4,0,30,1,31,0,100,96.77419355,3.225806452
27_06__walking_outside_cafe_disgusted__SZWVBWY4.mp4,0,31,0,31,0,100,100,0
27_06__walk_down_hall_angry__S3T7SK9O.mp4,0,31,0,31,0,100,100,0
27_07__kitchen_pan__B5S6XY2L.mp4,1,0,31,31,0,0,0,100
27_07__outside_talking_pan_laughing__LEVU87KC.mp4,1,0,31,31,0,0,0,100
27_07__podium_speech_happy__LEVU87KC.mp4,1,2,29,31,0,0,6.451612903,93.5483871
27_07__walking_down_street_outside_angry__3RH5PR6S.mp4,1,0,31,31,0,0,0,100
27_09__talking_against_wall__RC9KATOO.mp4,1,15,16,31,0,0,48.38709677,51.61290323
27_09__walking_down_street_outside_angry__RC9KATOO.mp4,1,0,31,31,0,0,0,100
27_13__hugging_happy__A1OSUJE9.mp4,1,0,31,31,0,0,0,100
27_13__kitchen_still__A1OSUJE9.mp4,1,0,31,31,0,0,0,100
27_13__outside_talking_pan_laughing__A1OSUJE9.mp4,1,5,26,31,0,0,16.12903226,83.87096774
27_13__talking_against_wall__A1OSUJE9.mp4,1,7,24,31,0,0,22.58064516,77.41935484
27_13__walking_and_outside_surprised__A1OSUJE9.mp4,1,3,28,31,0,0,9.677419355,90.32258065
27_13__walking_outside_cafe_disgusted__A1OSUJE9.mp4,0,31,0,31,0,100,100,0
27_14__kitchen_pan__0KSONKQ2.mp4,1,0,31,31,0,0,0,100
27_14__walking_outside_cafe_disgusted__0KSONKQ2.mp4,0,31,0,31,0,100,100,0
27_14__walk_down_hall_angry__0KSONKQ2.mp4,0,31,0,31,0,100,100,0
27_15__kitchen_pan__2ERUWYH8.mp4,1,0,31,31,0,0,0,100
27_15__outside_talking_pan_laughing__WZ4MLUAV.mp4,1,0,31,31,0,0,0,100
27_15__outside_talking_still_laughing__2ERUWYH8.mp4,1,3,28,31,0,0,9.677419355,90.32258065
27_15__walking_and_outside_surprised__WZ4MLUAV.mp4,1,2,29,31,0,0,6.451612903,93.5483871
27_18__hugging_happy__NYHE8D0J.mp4,1,0,31,31,0,0,0,100
27_18__kitchen_pan__3GLHD5MH.mp4,1,0,31,31,0,0,0,100
27_18__kitchen_pan__BSOLX3SI.mp4,1,0,31,31,0,0,0,100
27_18__kitchen_still__NYHE8D0J.mp4,1,0,31,31,0,0,0,100
27_18__meeting_serious__NYHE8D0J.mp4,1,0,31,31,0,0,0,100
27_18__outside_talking_pan_laughing__NYHE8D0J.mp4,1,0,31,31,0,0,0,100
27_18__outside_talking_still_laughing__G7OOOUCX.mp4,1,0,31,31,0,0,0,100
27_18__outside_talking_still_laughing__NYHE8D0J.mp4,1,0,31,31,0,0,0,100
27_18__talking_against_wall__3GLHD5MH.mp4,1,11,20,31,0,0,35.48387097,64.51612903
27_18__talking_against_wall__NYHE8D0J.mp4,1,13,18,31,0,0,41.93548387,58.06451613
27_18__talking_angry_couch__GRZ07XTD.mp4,1,0,31,31,0,0,0,100
27_18__walking_and_outside_surprised__NYHE8D0J.mp4,1,0,31,31,0,0,0,100
27_18__walking_down_indoor_hall_disgust__NYHE8D0J.mp4,1,0,31,31,0,0,0,100
27_18__walking_outside_cafe_disgusted__NYHE8D0J.mp4,0,31,0,31,0,100,100,0
27_18__walk_down_hall_angry__BSOLX3SI.mp4,0,31,0,31,0,100,100,0
27_18__walk_down_hall_angry__NYHE8D0J.mp4,0,31,0,31,0,100,100,0
27_20__kitchen_pan__LM907ECA.mp4,1,0,31,31,0,0,0,100
27_20__walking_and_outside_surprised__LM907ECA.mp4,1,3,28,31,0,0,9.677419355,90.32258065
27_20__walk_down_hall_angry__LM907ECA.mp4,0,31,0,31,0,100,100,0
27_25__exit_phone_room__1KU29EUL.mp4,0,31,0,31,0,100,100,0
27_25__hugging_happy__1KU29EUL.mp4,1,0,31,31,0,0,0,100
27_25__hugging_happy__GNIMW95Z.mp4,1,0,31,31,0,0,0,100
27_25__meeting_serious__GNIMW95Z.mp4,1,0,31,31,0,0,0,100
27_25__outside_talking_pan_laughing__1KU29EUL.mp4,1,5,26,31,0,0,16.12903226,83.87096774
27_25__outside_talking_pan_laughing__GNIMW95Z.mp4,1,5,26,31,0,0,16.12903226,83.87096774
27_25__outside_talking_pan_laughing__ZTV6TUQ9.mp4,1,3,28,31,0,0,9.677419355,90.32258065
27_25__outside_talking_still_laughing__1KU29EUL.mp4,0,20,11,31,0,100,64.51612903,35.48387097
27_25__talking_angry_couch__1KU29EUL.mp4,1,0,31,31,0,0,0,100
27_25__talking_angry_couch__GNIMW95Z.mp4,1,0,31,31,0,0,0,100
27_25__walking_and_outside_surprised__1KU29EUL.mp4,1,3,28,31,0,0,9.677419355,90.32258065
27_25__walking_and_outside_surprised__GNIMW95Z.mp4,1,3,28,31,0,0,9.677419355,90.32258065
27_25__walking_down_indoor_hall_disgust__GNIMW95Z.mp4,1,0,31,31,0,0,0,100
27_25__walking_down_street_outside_angry__1KU29EUL.mp4,1,0,31,31,0,0,0,100
27_25__walking_down_street_outside_angry__ZTV6TUQ9.mp4,1,0,31,31,0,0,0,100
27_25__walking_outside_cafe_disgusted__1KU29EUL.mp4,0,31,0,31,0,100,100,0
27_25__walk_down_hall_angry__1KU29EUL.mp4,0,31,0,31,0,100,100,0
27_25__walk_down_hall_angry__GNIMW95Z.mp4,0,31,0,31,0,100,100,0
27_25__walk_down_hall_angry__ZTV6TUQ9.mp4,0,31,0,31,0,100,100,0
27_26__kitchen_pan__IE9N0ZI9.mp4,1,0,31,31,0,0,0,100
27_26__meeting_serious__IE9N0ZI9.mp4,1,0,31,31,0,0,0,100
27_26__outside_talking_still_laughing__IE9N0ZI9.mp4,0,18,13,31,0,100,58.06451613,41.93548387
27_26__podium_speech_happy__IE9N0ZI9.mp4,0,29,2,31,0,100,93.5483871,6.451612903
27_26__talking_against_wall__IE9N0ZI9.mp4,1,12,19,31,0,0,38.70967742,61.29032258
27_26__talking_angry_couch__IE9N0ZI9.mp4,1,0,31,31,0,0,0,100
28_05__exit_phone_room__U9LRLJ6N.mp4,0,31,0,31,0,100,100,0
28_05__exit_phone_room__VR9127O1.mp4,0,31,0,31,0,100,100,0
28_05__kitchen_pan__2DK5X0Y0.mp4,0,31,0,31,0,100,100,0
28_05__kitchen_pan__W3J028UG.mp4,0,31,0,31,0,100,100,0
28_05__podium_speech_happy__U9LRLJ6N.mp4,0,31,0,31,0,100,100,0
28_05__podium_speech_happy__VR9127O1.mp4,0,31,0,31,0,100,100,0
28_05__podium_speech_happy__W3J028UG.mp4,0,31,0,31,0,100,100,0
28_05__secret_conversation__V20UNLJ5.mp4,1,3,28,31,0,0,9.677419355,90.32258065
28_05__secret_conversation__W3J028UG.mp4,1,0,31,31,0,0,0,100
28_05__talking_angry_couch__V20UNLJ5.mp4,1,0,31,31,0,0,0,100
28_05__walking_down_street_outside_angry__U9LRLJ6N.mp4,1,0,31,31,0,0,0,100
28_05__walking_down_street_outside_angry__W3J028UG.mp4,1,0,31,31,0,0,0,100
28_05__walking_outside_cafe_disgusted__U9LRLJ6N.mp4,1,15,16,31,0,0,48.38709677,51.61290323
28_08__exit_phone_room__5DCAESDA.mp4,0,31,0,31,0,100,100,0
28_08__exit_phone_room__KXO8S7OP.mp4,0,31,0,31,0,100,100,0
28_08__kitchen_pan__6HFK6PB4.mp4,0,31,0,31,0,100,100,0
28_08__kitchen_pan__8BC35RFU.mp4,0,31,0,31,0,100,100,0
28_08__kitchen_pan__GQN9WHLD.mp4,0,31,0,31,0,100,100,0
28_08__kitchen_still__8BC35RFU.mp4,0,31,0,31,0,100,100,0
28_08__kitchen_still__HIOU8Z8I.mp4,0,31,0,31,0,100,100,0
28_08__outside_talking_pan_laughing__8BC35RFU.mp4,0,29,2,31,0,100,93.5483871,6.451612903
28_08__outside_talking_pan_laughing__GGCUYQA4.mp4,0,30,1,31,0,100,96.77419355,3.225806452
28_08__outside_talking_still_laughing__GQN9WHLD.mp4,0,16,15,31,0,100,51.61290323,48.38709677
28_08__podium_speech_happy__5DCAESDA.mp4,0,31,0,31,0,100,100,0
28_08__podium_speech_happy__KXO8S7OP.mp4,0,31,0,31,0,100,100,0
28_08__secret_conversation__5DCAESDA.mp4,1,3,28,31,0,0,9.677419355,90.32258065
28_08__talking_angry_couch__KXO8S7OP.mp4,1,0,31,31,0,0,0,100
28_08__walking_outside_cafe_disgusted__6HFK6PB4.mp4,1,11,20,31,0,0,35.48387097,64.51612903
28_08__walking_outside_cafe_disgusted__8BC35RFU.mp4,1,8,23,31,0,0,25.80645161,74.19354839
28_08__walking_outside_cafe_disgusted__KXO8S7OP.mp4,0,30,1,31,0,100,96.77419355,3.225806452
28_16__exit_phone_room__OANAQYD5.mp4,0,31,0,31,0,100,100,0
28_16__exit_phone_room__U757192N.mp4,0,31,0,31,0,100,100,0
28_16__kitchen_pan__X5FNCYON.mp4,0,31,0,31,0,100,100,0
28_16__kitchen_still__U757192N.mp4,0,31,0,31,0,100,100,0
28_16__podium_speech_happy__6DWLCU6T.mp4,0,31,0,31,0,100,100,0
28_16__podium_speech_happy__ZA8XJIE9.mp4,0,31,0,31,0,100,100,0
28_16__secret_conversation__R1QD0XDQ.mp4,1,2,29,31,0,0,6.451612903,93.5483871
28_16__secret_conversation__X5FNCYON.mp4,1,1,30,31,0,0,3.225806452,96.77419355
28_16__secret_conversation__ZA8XJIE9.mp4,1,1,30,31,0,0,3.225806452,96.77419355
28_16__walking_down_street_outside_angry__6DWLCU6T.mp4,1,0,31,31,0,0,0,100
28_16__walking_down_street_outside_angry__U757192N.mp4,1,0,31,31,0,0,0,100
28_16__walking_down_street_outside_angry__ZA8XJIE9.mp4,1,0,31,31,0,0,0,100
28_16__walking_outside_cafe_disgusted__NAZP864W.mp4,1,9,22,31,0,0,29.03225806,70.96774194
28_16__walk_down_hall_angry__X5FNCYON.mp4,0,31,0,31,0,100,100,0
